flight_id,date,callsign,adep,name_adep,country_code_adep,ades,name_ades,country_code_ades,actual_offblock_time,arrival_time,aircraft_type,wtc,airline,flight_duration,taxiout_time,flown_distance,tow
248763780,2022-01-01,3840d84f25d3f5fcc0a1be3076bb4039,EGLL,London Heathrow,GB,EICK,Cork,IE,2022-01-01T13:46:00Z,2022-01-01T15:04:56Z,A320,M,a73f82288988b79be490c6322f4c32ed,61,18,321,54748
248760618,2022-01-01,f6f610e73002b8892a239a81321f7f1d,LEBL,Barcelona,ES,KMIA,Miami,US,2022-01-01T09:55:00Z,2022-01-01T19:37:56Z,B772,H,5543e4dc327359ffaf5b9c0e6faaf0e1,570,13,4193,185441
248753824,2022-01-01,139670936660762c230ca92556ba842b,ESSA,Stockholm Arlanda,SE,KORD,Chicago O'Hare,US,2022-01-01T09:39:00Z,2022-01-01T19:08:13Z,A333,H,8be5c854fd664bcb97fb543339f74770,554,15,3770,230396
248753852,2022-01-01,509dc61bb54fbab0e5406067c95603e2,LSZH,Zurich,CH,KPHL,Philadelphia,US,2022-01-01T11:04:00Z,2022-01-01T19:32:13Z,B788,H,5543e4dc327359ffaf5b9c0e6faaf0e1,497,11,3607,157615
248755934,2022-01-01,d0610d000dcf26b1d7bba8103ecc393d,EIDW,Dublin,IE,EGLL,London Heathrow,GB,2022-01-01T12:36:00Z,2022-01-01T13:44:32Z,A21N,M,a73f82288988b79be490c6322f4c32ed,55,14,305,70318.4472256258
248762583,2022-01-01,e6d5d070016d21108f8bd2bd643202ac,ENGM,Oslo,NO,LEAL,Alicante,ES,2022-01-01T10:24:52Z,2022-01-01T14:25:33Z,A20N,M,8be5c854fd664bcb97fb543339f74770,214,27,1434,57721
248758528,2022-01-01,1f51e76bb1001c4f9de991288aacb326,EGAC,Belfast City,GB,EGLL,London Heathrow,GB,2022-01-01T07:41:00Z,2022-01-01T08:48:19Z,A320,M,a73f82288988b79be490c6322f4c32ed,57,10,295,56818
248752667,2022-01-01,52d1b50f92590b36489a929375be10f6,LTFM,iGA Istanbul,TR,LYBE,Belgrade,RS,2022-01-01T05:21:00Z,2022-01-01T07:05:28Z,B738,M,6351ec1b849adacc0cbb3b1313d8d39b,79,25,458,60678
248762188,2022-01-01,256265f000acb4a06cd680b3df7c9897,KLAX,Los Angeles,US,LTFM,iGA Istanbul,TR,2022-01-01T21:26:00Z,2022-01-02T09:55:00Z,B789,H,6351ec1b849adacc0cbb3b1313d8d39b,739,10,6354,235632
248753189,2022-01-01,8191fa049d6f1a6cb432a98d97bf960c,LTFM,iGA Istanbul,TR,LTAC,Ankara,TR,2022-01-01T15:00:00Z,2022-01-01T16:09:00Z,A321,M,6351ec1b849adacc0cbb3b1313d8d39b,44,25,257,73571
248753633,2022-01-01,9dbac4d61a4c3178948c0df9b4437643,LOWW,Vienna,AT,EDDM,Munich,DE,2022-01-01T05:58:00Z,2022-01-01T06:51:46Z,A320,M,5d407cb11cc29578cc3e292e743f5393,41,13,200,56791
248754253,2022-01-01,b82d5d608896f78826fe00e6fb510cec,LSZH,Zurich,CH,ESGG,Gothenburg,SE,2022-01-01T16:28:00Z,2022-01-01T18:20:04Z,A320,M,2d5def0a5a844b343ba1b7cc9cb28fa9,103,9,689,60826
248755912,2022-01-01,7c087bdbb4db940cf965efd4bc20ed92,ESSA,Stockholm Arlanda,SE,ESMS,Malmo,SE,2022-01-01T12:23:00Z,2022-01-01T13:26:42Z,CRJ9,M,8be5c854fd664bcb97fb543339f74770,49,15,296,31865
248754226,2022-01-01,871e3805cbe8e5a0ebc61a7021938500,LSGG,Geneva,CH,EKCH,Copenhagen,DK,2022-01-01T16:19:00Z,2022-01-01T18:11:29Z,A20N,M,8be5c854fd664bcb97fb543339f74770,99,13,671,56828
248754238,2022-01-01,6b73a2e94f26ee2be7fae1385f7f56ce,LTAT,Malatya,TR,LTAC,Ankara,TR,2022-01-01T16:23:00Z,2022-01-01T17:16:00Z,B738,M,6351ec1b849adacc0cbb3b1313d8d39b,48,5,273,52862
248754811,2022-01-01,74b9796fae819405cc08bc5a3beadfdf,LEAL,Alicante,ES,EGFF,Cardiff,GB,2022-01-01T10:25:00Z,2022-01-01T12:37:35Z,B738,M,3922524069809ac4326134429751e26f,122,11,873,64807
248754389,2022-01-01,6749e723f22c0e5bba36a55354f36d9f,EGKK,London Gatwick,GB,EIDW,Dublin,IE,2022-01-01T19:39:00Z,2022-01-01T20:46:31Z,A320,M,a73f82288988b79be490c6322f4c32ed,48,20,268,51730
248753480,2022-01-01,c5f6afe8746fa6de407eebc988fb8258,KMIA,Miami,US,LEBL,Barcelona,ES,2022-01-01T21:11:00Z,2022-01-02T05:33:47Z,B772,H,5543e4dc327359ffaf5b9c0e6faaf0e1,493,10,4140,178509
248753578,2022-01-01,4baa4dd7b3b212b373736a9bb4cfb255,LTFM,iGA Istanbul,TR,LOWS,Salzburg,AT,2022-01-01T04:44:00Z,2022-01-01T07:24:24Z,A319,M,6351ec1b849adacc0cbb3b1313d8d39b,135,25,812,60728
248754113,2022-01-01,545087f9c755335984cb9c8bf2cf6170,LTFM,iGA Istanbul,TR,LIPZ,Venice,IT,2022-01-01T14:02:00Z,2022-01-01T16:36:08Z,A21N,M,6351ec1b849adacc0cbb3b1313d8d39b,129,25,791,64707
248754724,2022-01-01,a3649f60035d4b273c5350441701c928,ESSA,Stockholm Arlanda,SE,EKCH,Copenhagen,DK,2022-01-01T08:51:42Z,2022-01-01T09:57:25Z,A20N,M,8be5c854fd664bcb97fb543339f74770,51,15,302,60813
248754826,2022-01-01,d64aa24ea58cecde1c8b5bd88160b785,LSGG,Geneva,CH,KJFK,New York JFK,US,2022-01-01T10:57:00Z,2022-01-01T19:30:13Z,A333,H,2d5def0a5a844b343ba1b7cc9cb28fa9,500,13,3410,205441
248755492,2022-01-01,095704248843decea6c7b6e7afc16976,LTFM,iGA Istanbul,TR,LLBG,Tel Aviv,IL,2022-01-01T04:46:00Z,2022-01-01T06:48:00Z,A21N,M,6351ec1b849adacc0cbb3b1313d8d39b,97,25,650,70707
248753751,2022-01-01,d1a95c2c0a43c34472b5559c55bab3c2,EGPF,Glasgow,GB,EIDW,Dublin,IE,2022-01-01T08:21:00Z,2022-01-01T09:12:08Z,A320,M,a73f82288988b79be490c6322f4c32ed,40,11,173,50809
248753757,2022-01-01,1210e1b896147b7414e8f45fcdff9a1e,LEBL,Barcelona,ES,LSZH,Zurich,CH,2022-01-01T08:24:00Z,2022-01-01T10:26:54Z,A320,M,2d5def0a5a844b343ba1b7cc9cb28fa9,112,11,614,60809
248754484,2022-01-01,1104b47ca1b186d446583663049a4997,KCLT,Charlotte,US,EGLL,London Heathrow,GB,2022-01-01T23:31:00Z,2022-01-02T06:41:19Z,B772,H,5543e4dc327359ffaf5b9c0e6faaf0e1,420,10,3574,185509
248764311,2022-01-01,5982efb266a61fd05e8af4e983681dd9,EKCH,Copenhagen,DK,ESSA,Stockholm Arlanda,SE,2022-01-01T07:03:00Z,2022-01-01T08:10:31Z,A20N,M,8be5c854fd664bcb97fb543339f74770,58,10,315,53851
248764364,2022-01-01,7c5483207ec0ba034865c56c48bfe26e,LTFJ,Istanbul Sabiha Gokcen,TR,EDDS,Stuttgart,DE,2022-01-01T08:19:00Z,2022-01-01T11:14:00Z,B738,M,6351ec1b849adacc0cbb3b1313d8d39b,160,15,995,70770
248764369,2022-01-01,e55a172b6484d4912bc42fa67e929e30,EDDF,Frankfurt,DE,EKCH,Copenhagen,DK,2022-01-01T08:25:00Z,2022-01-01T09:43:15Z,CRJ9,M,8be5c854fd664bcb97fb543339f74770,68,10,415,30892
248762374,2022-01-01,2b6964568301fda9ce7698d2a0c26800,LTFM,iGA Istanbul,TR,EGPH,Edinburgh,GB,2022-01-01T06:22:00Z,2022-01-01T10:58:25Z,A21N,M,6351ec1b849adacc0cbb3b1313d8d39b,251,25,1571,77707
248764242,2022-01-01,12f206cf334575a41f37c1aee6a9d549,EBBR,Brussels,BE,LIMC,Milan Malpensa,IT,2022-01-01T05:18:00Z,2022-01-01T06:35:59Z,A319,M,bdeeef3a675587d530de70a25d7118d2,65,13,400,57274.3449402927
248763697,2022-01-01,faf0a65c0b2f2d499ea3769e7b5360b8,LSZH,Zurich,CH,KSFO,San Francisco,US,2022-01-01T12:46:00Z,2022-01-01T23:59:06Z,B77W,H,2d5def0a5a844b343ba1b7cc9cb28fa9,662,11,5162,315299
248763716,2022-01-01,d802eab47fb17ed5c8398da34e960088,LTFM,iGA Istanbul,TR,KATL,Atlanta Hartsfield,US,2022-01-01T12:59:00Z,2022-01-02T01:24:46Z,B789,H,6351ec1b849adacc0cbb3b1313d8d39b,721,25,5086,240368
248761417,2022-01-01,f0aa9bba31128626c17420def8e1067d,LGAV,Athens,GR,LSZH,Zurich,CH,2022-01-01T06:57:00Z,2022-01-01T09:59:52Z,A320,M,2d5def0a5a844b343ba1b7cc9cb28fa9,170,13,953,62791
248761431,2022-01-01,59aa91b7a86d288cad2b2cdde1972ce9,LROP,Bucharest Otopeni,RO,LSZH,Zurich,CH,2022-01-01T07:57:00Z,2022-01-01T10:51:50Z,BCS3,M,2d5def0a5a844b343ba1b7cc9cb28fa9,165,10,868,51883
248761437,2022-01-01,09923db97e2d2443bc4e4114af5fb869,LTFM,iGA Istanbul,TR,EGCC,Manchester,GB,2022-01-01T07:13:00Z,2022-01-01T11:30:02Z,A21N,M,6351ec1b849adacc0cbb3b1313d8d39b,232,25,1499,75707
248761293,2022-01-01,f4f5b702dbb559200461da18ce825a84,KLAX,Los Angeles,US,EGLL,London Heathrow,GB,2022-01-01T02:03:00Z,2022-01-01T11:51:59Z,B77W,H,5543e4dc327359ffaf5b9c0e6faaf0e1,579,10,4984,218327
248761616,2022-01-01,2389b1ac04e680319a056ee2f3cebc2e,LFPG,Paris Charles de Gaulle,FR,LTFM,iGA Istanbul,TR,2022-01-01T10:32:00Z,2022-01-01T13:36:00Z,A333,H,6351ec1b849adacc0cbb3b1313d8d39b,169,15,1225,177396
248761631,2022-01-01,9c7c28053b9867ac4924bd0824b65881,LEMG,Malaga,ES,EIDW,Dublin,IE,2022-01-01T10:38:00Z,2022-01-01T13:15:51Z,A320,M,a73f82288988b79be490c6322f4c32ed,146,12,1061,66348.5764815389
248753676,2022-01-01,c3a1a6f1cf38c7c700913a0582d511d6,EIDW,Dublin,IE,EDDB,Berlin Brandenburg,DE,2022-01-01T06:58:00Z,2022-01-01T09:03:13Z,A320,M,a73f82288988b79be490c6322f4c32ed,107,18,757,64427.2362937197
248753592,2022-01-01,25f08a903975923d06e5255dc8dcf167,LTFM,iGA Istanbul,TR,EGKK,London Gatwick,GB,2022-01-01T05:18:00Z,2022-01-01T09:17:47Z,A21N,M,6351ec1b849adacc0cbb3b1313d8d39b,215,25,1380,79707
248753593,2022-01-01,a3554684f2e8e6632057a8b859869b42,LTFM,iGA Istanbul,TR,EGCC,Manchester,GB,2022-01-01T05:28:00Z,2022-01-01T09:44:43Z,A333,H,6351ec1b849adacc0cbb3b1313d8d39b,232,25,1468,190169
248755777,2022-01-01,da115ca6d271888c0884b60dd115b049,EDDB,Berlin Brandenburg,DE,EIDW,Dublin,IE,2022-01-01T10:14:00Z,2022-01-01T12:25:58Z,A320,M,a73f82288988b79be490c6322f4c32ed,125,7,730,63817.0853629665
248753647,2022-01-01,7405d41587a12ea3df4daaa2b94ce705,LSZH,Zurich,CH,LSGG,Geneva,CH,2022-01-01T06:34:00Z,2022-01-01T07:15:12Z,A320,M,2d5def0a5a844b343ba1b7cc9cb28fa9,29,12,130,54800
248753655,2022-01-01,d84e3feb8f238a6da92359f1f6d3cf95,LTAC,Ankara,TR,LFPG,Paris Charles de Gaulle,FR,2022-01-01T06:49:00Z,2022-01-01T10:36:48Z,B738,M,6351ec1b849adacc0cbb3b1313d8d39b,223,5,1437,71862
248756096,2022-01-01,9a036f8d7c8cdf4c6f6be89e4614e606,EDDL,Dusseldorf,DE,LTFJ,Istanbul Sabiha Gokcen,TR,2022-01-01T15:36:00Z,2022-01-01T18:31:00Z,B738,M,6351ec1b849adacc0cbb3b1313d8d39b,162,13,1203,68788
248753982,2022-01-01,46c10265a623fcf8cfbb3da0374a3ad1,EHAM,Amsterdam,NL,KDFW,Dallas Fort Worth,US,2022-01-01T12:04:00Z,2022-01-01T22:11:51Z,B788,H,5543e4dc327359ffaf5b9c0e6faaf0e1,596,12,4571,163597
248752588,2022-01-01,d91bef6acae61cc1535b70812edef8e7,KDFW,Dallas Fort Worth,US,LFPG,Paris Charles de Gaulle,FR,2022-01-01T23:21:00Z,2022-01-02T07:57:36Z,B789,H,5543e4dc327359ffaf5b9c0e6faaf0e1,507,10,4379,175632
248752590,2022-01-01,159b8ce3df68233d04b17a6b90f9da18,KMIA,Miami,US,LFPG,Paris Charles de Gaulle,FR,2022-01-01T23:36:00Z,2022-01-02T08:07:27Z,B772,H,5543e4dc327359ffaf5b9c0e6faaf0e1,501,10,4095,190509
248755840,2022-01-01,2bb738935b73f8b20c14dba635a319aa,LSZH,Zurich,CH,EGLL,London Heathrow,GB,2022-01-01T11:18:00Z,2022-01-01T12:53:22Z,A20N,M,2d5def0a5a844b343ba1b7cc9cb28fa9,84,11,473,56844
248755229,2022-01-01,a0c41049f01e25769d8c192cb7312ec2,LTFM,iGA Istanbul,TR,LROP,Bucharest Otopeni,RO,2022-01-01T17:22:00Z,2022-01-01T18:40:00Z,A321,M,6351ec1b849adacc0cbb3b1313d8d39b,53,25,283,71571
248761689,2022-01-01,8517f9107a320c1619d02ee6f3cb3c3c,LSZH,Zurich,CH,EIDW,Dublin,IE,2022-01-01T11:54:00Z,2022-01-01T13:59:17Z,A321,M,2d5def0a5a844b343ba1b7cc9cb28fa9,113,12,695,63731
248764294,2022-01-01,cf0a5d8e6430c835a3c8386dde433bda,EIDW,Dublin,IE,LFPG,Paris Charles de Gaulle,FR,2022-01-01T06:43:00Z,2022-01-01T08:22:46Z,A21N,M,a73f82288988b79be490c6322f4c32ed,82,18,494,72611.1610235781
248763069,2022-01-01,0e76884c458055ef794cacb072ad5cac,UBBB,Baku,AZ,LTFM,iGA Istanbul,TR,2022-01-01T18:04:00Z,2022-01-01T20:54:17Z,A21N,M,6351ec1b849adacc0cbb3b1313d8d39b,160,10,994,70831
248763078,2022-01-01,bbbe857b89e4ef48abbd4d14d59349e2,LTFM,iGA Istanbul,TR,LTAC,Ankara,TR,2022-01-01T17:45:00Z,2022-01-01T18:56:00Z,A321,M,6351ec1b849adacc0cbb3b1313d8d39b,46,25,251,71571
248763080,2022-01-01,ad19256d0ed3d9f323f73919fc0cc51f,LSZH,Zurich,CH,EDDF,Frankfurt,DE,2022-01-01T17:56:00Z,2022-01-01T18:52:07Z,A20N,M,2d5def0a5a844b343ba1b7cc9cb28fa9,47,9,186,55859
248763727,2022-01-01,ecd583c4ff04725c2c3537596628c6e7,EKCH,Copenhagen,DK,ENBR,Bergen,NO,2022-01-01T13:02:00Z,2022-01-01T14:21:44Z,A320,M,8be5c854fd664bcb97fb543339f74770,71,9,400,56826
248751737,2022-01-01,d6ddbc7e654e77819da9559e215ce81b,EICK,Cork,IE,EDDM,Munich,DE,2022-01-01T06:29:00Z,2022-01-01T08:35:37Z,A320,M,a73f82288988b79be490c6322f4c32ed,117,10,838,56818
248765647,2022-01-01,e97d6161aae475f407c170a39a431a79,EDDH,Hamburg,DE,LTFJ,Istanbul Sabiha Gokcen,TR,2022-01-01T13:41:00Z,2022-01-01T16:31:00Z,B738,M,6351ec1b849adacc0cbb3b1313d8d39b,161,9,1186,60825
248764994,2022-01-01,93d95af0ca5dfefe76aaf5392bf5e2b0,ENBO,Bodo,NO,ENGM,Oslo,NO,2022-01-01T18:57:31Z,2022-01-01T20:20:30Z,A20N,M,8be5c854fd664bcb97fb543339f74770,77,6,443,65882
248761827,2022-01-01,6d78ae03ec94f646fb35062785d1d443,EKCH,Copenhagen,DK,LSZH,Zurich,CH,2022-01-01T13:43:00Z,2022-01-01T15:19:13Z,A20N,M,8be5c854fd664bcb97fb543339f74770,86,10,525,57851
248762476,2022-01-01,ecda5cc19044df365d24119b9c93594e,LOWW,Vienna,AT,LCLK,Larnaca,CY,2022-01-01T08:36:00Z,2022-01-01T11:30:12Z,A320,M,5d407cb11cc29578cc3e292e743f5393,161,13,1147,54791
248751705,2022-01-01,d05aeececc0694f9f50e1fead78087d3,LTFM,iGA Istanbul,TR,EBBR,Brussels,BE,2022-01-01T05:52:00Z,2022-01-01T09:28:43Z,A21N,M,6351ec1b849adacc0cbb3b1313d8d39b,192,25,1200,76707
248751709,2022-01-01,7387805d689db57a28791fc2160a0c56,LTFM,iGA Istanbul,TR,EKCH,Copenhagen,DK,2022-01-01T06:03:00Z,2022-01-01T09:34:36Z,A321,M,6351ec1b849adacc0cbb3b1313d8d39b,187,25,1107,74571
248751711,2022-01-01,96b46ddb75ef1aef80e81eadeff3ce37,EGCC,Manchester,GB,EBBR,Brussels,BE,2022-01-01T06:14:00Z,2022-01-01T07:26:30Z,A320,M,bdeeef3a675587d530de70a25d7118d2,58,14,358,48869.4705882353
248760241,2022-01-01,7cc61cd8969f24c69743742ab5c6ba08,EBBR,Brussels,BE,EGLL,London Heathrow,GB,2022-01-01T20:11:00Z,2022-01-01T21:04:07Z,A320,M,bdeeef3a675587d530de70a25d7118d2,43,10,201,59470.9003398218
248753260,2022-01-01,dbaab2417c02cfc51d48b8dd8934bd66,LTFM,iGA Istanbul,TR,EHAM,Amsterdam,NL,2022-01-01T16:24:00Z,2022-01-01T20:05:00Z,A21N,M,6351ec1b849adacc0cbb3b1313d8d39b,196,25,1201,80707
248752645,2022-01-01,e7d89263a97f980a36fe6b1b29aa5d91,LTFM,iGA Istanbul,TR,LPPR,Porto,PT,2022-01-01T04:51:00Z,2022-01-01T09:45:43Z,B738,M,6351ec1b849adacc0cbb3b1313d8d39b,270,25,1739,61678
248752045,2022-01-01,c0c9a2c7c447d4da2681cee308ce0b32,EDDL,Dusseldorf,DE,LTFJ,Istanbul Sabiha Gokcen,TR,2022-01-01T12:00:00Z,2022-01-01T14:52:00Z,B738,M,6351ec1b849adacc0cbb3b1313d8d39b,159,13,1179,68788
248755431,2022-01-01,b2feebb17f6fd895df40b4f0008554cc,KDFW,Dallas Fort Worth,US,EGLL,London Heathrow,GB,2022-01-01T23:12:00Z,2022-01-02T07:33:27Z,B77W,H,5543e4dc327359ffaf5b9c0e6faaf0e1,491,10,4357,224327
248754251,2022-01-01,1909f1e48492f2c5ee964886903ea3b9,LTFM,iGA Istanbul,TR,LTFE,Bodrum,TR,2022-01-01T16:25:00Z,2022-01-01T17:42:00Z,A321,M,6351ec1b849adacc0cbb3b1313d8d39b,52,25,297,65571
248759503,2022-01-01,f5e36ad42a244f21d514d1a20639438a,ENGM,Oslo,NO,EBBR,Brussels,BE,2022-01-01T06:26:36Z,2022-01-01T08:33:25Z,A319,M,bdeeef3a675587d530de70a25d7118d2,99,28,635,59008.5601857127
248759505,2022-01-01,bacb2f763cddde1dcdbc7c5c00479c89,LTFM,iGA Istanbul,TR,LFLL,Lyon,FR,2022-01-01T06:29:00Z,2022-01-01T09:52:23Z,A21N,M,6351ec1b849adacc0cbb3b1313d8d39b,178,25,1171,81707
248759509,2022-01-01,e5450837a3ad05ce8c86451a5c64fb41,EIDW,Dublin,IE,EGLL,London Heathrow,GB,2022-01-01T06:41:00Z,2022-01-01T07:52:18Z,A21N,M,a73f82288988b79be490c6322f4c32ed,53,18,292,70318.4472256258
248759518,2022-01-01,60a75d467aeb022386e9e9fe4cef39d1,LSGG,Geneva,CH,EGKK,London Gatwick,GB,2022-01-01T06:49:00Z,2022-01-01T08:15:01Z,BCS3,M,2d5def0a5a844b343ba1b7cc9cb28fa9,73,13,412,42866
248759521,2022-01-01,6e2cff31ee9ea758af1a9f6c49c9977a,LSZH,Zurich,CH,EGLL,London Heathrow,GB,2022-01-01T06:55:00Z,2022-01-01T08:28:49Z,A21N,M,2d5def0a5a844b343ba1b7cc9cb28fa9,84,10,463,67831
248753401,2022-01-01,26e8293f6b04cd6797962e81467c1418,LEMG,Malaga,ES,EBBR,Brussels,BE,2022-01-01T19:17:00Z,2022-01-01T21:46:08Z,A320,M,bdeeef3a675587d530de70a25d7118d2,137,12,998,68318.3565217391
248763454,2022-01-01,4896b1515856defaa8e4ae6b52a8e9f0,ESGG,Gothenburg,SE,EKCH,Copenhagen,DK,2022-01-01T08:31:00Z,2022-01-01T09:15:02Z,AT76,M,8be5c854fd664bcb97fb543339f74770,34,10,127,20917
248763917,2022-01-01,d9c3daa4f073d6e1eaea745aa69550ae,LSZH,Zurich,CH,EGCC,Manchester,GB,2022-01-01T16:34:00Z,2022-01-01T18:18:04Z,A320,M,2d5def0a5a844b343ba1b7cc9cb28fa9,92,12,582,55800
248762744,2022-01-01,2bffa024048cb321d88d63e27a05f8a0,LCLK,Larnaca,CY,LOWW,Vienna,AT,2022-01-01T12:16:00Z,2022-01-01T15:45:14Z,A320,M,5d407cb11cc29578cc3e292e743f5393,195,14,1284,68783
248751767,2022-01-01,5f5b59b531ddbc39d4dcaa23b3e85723,EDDB,Berlin Brandenburg,DE,EBBR,Brussels,BE,2022-01-01T07:23:18Z,2022-01-01T08:30:33Z,A319,M,bdeeef3a675587d530de70a25d7118d2,60,7,352,57274.3449402927
248762750,2022-01-01,b772b8d76ab3bc73d983d7b45bd53d08,LTFJ,Istanbul Sabiha Gokcen,TR,LTAC,Ankara,TR,2022-01-01T12:14:00Z,2022-01-01T13:04:28Z,B738,M,6351ec1b849adacc0cbb3b1313d8d39b,35,15,221,54770
248765860,2022-01-01,f486ab657f83b109d73ba7b727e0cb1c,LTAC,Ankara,TR,LTFM,iGA Istanbul,TR,2022-01-01T17:45:00Z,2022-01-01T18:39:00Z,A321,M,6351ec1b849adacc0cbb3b1313d8d39b,49,5,260,67818
248751068,2022-01-01,608f8c34fc3616a4cda22aa58b38db45,LTFJ,Istanbul Sabiha Gokcen,TR,EDDS,Stuttgart,DE,2022-01-01T12:25:00Z,2022-01-01T15:21:36Z,B738,M,6351ec1b849adacc0cbb3b1313d8d39b,162,15,1006,69770
248751072,2022-01-01,b6358b56613509adf4358d88463f0f1f,EDDF,Frankfurt,DE,ENGM,Oslo,NO,2022-01-01T12:47:00Z,2022-01-01T14:48:25Z,BCS3,M,8be5c854fd664bcb97fb543339f74770,108,13,687,53866
248765651,2022-01-01,71caaa016bd607645eedd0de95bd46e3,EKCH,Copenhagen,DK,EDDM,Munich,DE,2022-01-01T13:56:00Z,2022-01-01T15:16:49Z,A20N,M,8be5c854fd664bcb97fb543339f74770,71,10,461,56851
248764524,2022-01-01,86d669485c9c5463a0e28fb478912b45,EBBR,Brussels,BE,LEMG,Malaga,ES,2022-01-01T10:53:00Z,2022-01-01T13:32:12Z,A320,M,bdeeef3a675587d530de70a25d7118d2,150,9,978,68318.3565217391
248765773,2022-01-01,4c6ba5901c34b6705002e592a9eb3c06,LEPA,Palma de Mallorca,ES,ESSA,Stockholm Arlanda,SE,2022-01-01T16:02:00Z,2022-01-01T19:26:07Z,A20N,M,8be5c854fd664bcb97fb543339f74770,193,11,1460,67844
248765775,2022-01-01,12d2a64e84ade5fb113555bb9c30c982,EDDM,Munich,DE,EKCH,Copenhagen,DK,2022-01-01T16:15:00Z,2022-01-01T17:47:15Z,A20N,M,8be5c854fd664bcb97fb543339f74770,81,11,469,55844
248765808,2022-01-01,5ea74f78747b09ed1c48ad452507660d,LSZH,Zurich,CH,LTFJ,Istanbul Sabiha Gokcen,TR,2022-01-01T16:53:00Z,2022-01-01T19:30:00Z,B738,M,6351ec1b849adacc0cbb3b1313d8d39b,147,10,1033,53816
248750989,2022-01-01,657d77aa42ecb9469a790b8f6d9e8941,LEAL,Alicante,ES,EBOS,Ostend/Bruges,BE,2022-01-01T11:49:00Z,2022-01-01T14:02:36Z,E190,M,f53c55b5cf0cbb3be755bf50df6fa52d,123,11,847,43911
248763464,2022-01-01,b527370268d94cabd93af853ea8e02cb,LTFM,iGA Istanbul,TR,EDDL,Dusseldorf,DE,2022-01-01T08:46:00Z,2022-01-01T12:08:54Z,A321,M,6351ec1b849adacc0cbb3b1313d8d39b,178,25,1122,76571
248763465,2022-01-01,895d34560eb9059c2676e1aba24a6a47,LTFM,iGA Istanbul,TR,EDDH,Hamburg,DE,2022-01-01T08:31:00Z,2022-01-01T11:58:08Z,A21N,M,6351ec1b849adacc0cbb3b1313d8d39b,182,25,1092,75707
248762849,2022-01-01,74b9796fae819405cc08bc5a3beadfdf,EGFF,Cardiff,GB,EGCC,Manchester,GB,2022-01-01T13:48:00Z,2022-01-01T14:32:13Z,B738,M,3922524069809ac4326134429751e26f,35,9,166,58825
248759869,2022-01-01,894a7652df5e0b097195be4d6852fcd0,LTFM,iGA Istanbul,TR,EDDL,Dusseldorf,DE,2022-01-01T12:53:00Z,2022-01-01T16:20:35Z,A321,M,6351ec1b849adacc0cbb3b1313d8d39b,183,25,1133,82571
248754764,2022-01-01,253fd692ed441fac523081471c067772,LOWW,Vienna,AT,KIAD,Washington Dulles,US,2022-01-01T09:41:00Z,2022-01-01T19:33:18Z,B763,H,5d407cb11cc29578cc3e292e743f5393,578,14,3932,173542
248750643,2022-01-01,f8bfc43d24d5aef45fd0a07acadd8979,LTFM,iGA Istanbul,TR,LFPG,Paris Charles de Gaulle,FR,2022-01-01T05:07:00Z,2022-01-01T08:43:47Z,A333,H,6351ec1b849adacc0cbb3b1313d8d39b,192,25,1239,185169
248752830,2022-01-01,c2eb92beb624db0c0af0662fd9e9d024,EKCH,Copenhagen,DK,ENGM,Oslo,NO,2022-01-01T08:41:00Z,2022-01-01T09:43:53Z,CRJ9,M,8be5c854fd664bcb97fb543339f74770,53,10,287,32892
248752842,2022-01-01,43376dca31fbf2d0e3ac441878c9ceac,LTFJ,Istanbul Sabiha Gokcen,TR,EDDM,Munich,DE,2022-01-01T08:49:00Z,2022-01-01T11:25:24Z,B738,M,6351ec1b849adacc0cbb3b1313d8d39b,141,15,886,70770
248756085,2022-01-01,062156b4ff3e97c7d62052f6dc881751,EKCH,Copenhagen,DK,ENGM,Oslo,NO,2022-01-01T15:17:00Z,2022-01-01T16:22:40Z,CRJ9,M,8be5c854fd664bcb97fb543339f74770,56,10,307,32892
248750784,2022-01-01,888f2c3739df658cfb8c1771f62cde05,EKCH,Copenhagen,DK,ESSA,Stockholm Arlanda,SE,2022-01-01T08:17:00Z,2022-01-01T09:24:36Z,A20N,M,8be5c854fd664bcb97fb543339f74770,58,10,312,52851
248750792,2022-01-01,eef282bc0cc88c67bd84637295845421,LTFJ,Istanbul Sabiha Gokcen,TR,EDDF,Frankfurt,DE,2022-01-01T08:15:00Z,2022-01-01T11:17:15Z,B738,M,6351ec1b849adacc0cbb3b1313d8d39b,167,15,1047,71770
248750835,2022-01-01,e0ed03df86ea072a9bae2d1cb33e2c9f,LTFJ,Istanbul Sabiha Gokcen,TR,LSZH,Zurich,CH,2022-01-01T08:59:00Z,2022-01-01T11:55:15Z,B738,M,6351ec1b849adacc0cbb3b1313d8d39b,161,15,1035,69770
248754263,2022-01-01,22f533f8f5e50e0914a6eb5cd6a30cba,LSZH,Zurich,CH,LGAV,Athens,GR,2022-01-01T16:55:00Z,2022-01-01T19:12:16Z,A321,M,2d5def0a5a844b343ba1b7cc9cb28fa9,128,9,919,63768
248756016,2022-01-01,91dad6772e67d076266138b302969ad7,LFMN,Nice,FR,LSZH,Zurich,CH,2022-01-01T14:23:00Z,2022-01-01T15:29:51Z,BCS1,M,2d5def0a5a844b343ba1b7cc9cb28fa9,59,8,293,49880
248751682,2022-01-01,42db589cc4bc991f492850f550cb2a30,EKCH,Copenhagen,DK,LEMG,Malaga,ES,2022-01-01T05:28:00Z,2022-01-01T09:11:33Z,A20N,M,8be5c854fd664bcb97fb543339f74770,214,10,1376,54851
248756051,2022-01-01,c292ac45893a2a74345e286963fb99e2,ESSA,Stockholm Arlanda,SE,LSZH,Zurich,CH,2022-01-01T14:40:00Z,2022-01-01T16:59:53Z,A20N,M,2d5def0a5a844b343ba1b7cc9cb28fa9,125,15,833,62813
248753942,2022-01-01,f9a091abe4b4fa48cc96deec8af04e8f,LEMD,Madrid Barajas,ES,EBBR,Brussels,BE,2022-01-01T11:45:00Z,2022-01-01T13:49:04Z,A320,M,bdeeef3a675587d530de70a25d7118d2,106,18,755,56902
248753946,2022-01-01,ab1a83d87acdb9d93b226295de4c650c,LEMD,Madrid Barajas,ES,KMIA,Miami,US,2022-01-01T11:35:00Z,2022-01-01T20:51:28Z,B772,H,5543e4dc327359ffaf5b9c0e6faaf0e1,540,16,4000,184373
248765211,2022-01-01,0d8934dc6935f6f1e6e7f16d840d97c9,EGCC,Manchester,GB,LEAL,Alicante,ES,2022-01-01T06:06:00Z,2022-01-01T09:30:39Z,B738,M,3922524069809ac4326134429751e26f,189,16,964,60761
248751691,2022-01-01,68662b57535b407ec3de7d18237516cf,LTFM,iGA Istanbul,TR,LFBO,Toulouse Blagnac,FR,2022-01-01T05:28:00Z,2022-01-01T09:06:47Z,A21N,M,6351ec1b849adacc0cbb3b1313d8d39b,194,25,1273,79707
248753228,2022-01-01,0b48e52bf9f02c8c423ac0b3cb0ac53e,LSGG,Geneva,CH,LPPT,Lisbon,PT,2022-01-01T15:51:00Z,2022-01-01T18:26:34Z,BCS3,M,2d5def0a5a844b343ba1b7cc9cb28fa9,143,13,821,49866
248753231,2022-01-01,06303a07e12ea5dc07be9d46ec5b8325,LSZH,Zurich,CH,EKCH,Copenhagen,DK,2022-01-01T16:03:00Z,2022-01-01T17:41:30Z,A20N,M,8be5c854fd664bcb97fb543339f74770,90,9,563,54859
248762109,2022-01-01,8c504b5043608a154801b83c30e49f1b,EGLL,London Heathrow,GB,LSZH,Zurich,CH,2022-01-01T18:47:00Z,2022-01-01T20:06:05Z,A20N,M,2d5def0a5a844b343ba1b7cc9cb28fa9,69,10,456,59851
248753176,2022-01-01,53e361ac1d69f11686dc1903f734f3bc,EIDW,Dublin,IE,LSZH,Zurich,CH,2022-01-01T14:54:34Z,2022-01-01T16:56:39Z,A321,M,2d5def0a5a844b343ba1b7cc9cb28fa9,108,14,701,66707
248765226,2022-01-01,ca35bc22e2e4ef6dca29b35a405dc8d5,LTFM,iGA Istanbul,TR,LSGG,Geneva,CH,2022-01-01T06:11:00Z,2022-01-01T09:18:46Z,A321,M,6351ec1b849adacc0cbb3b1313d8d39b,163,25,1064,76571
248765789,2022-01-01,485e87a1488765c033c5d27fa0d9f55a,LSZH,Zurich,CH,KBOS,Boston,US,2022-01-01T16:39:00Z,2022-01-02T00:45:47Z,A333,H,2d5def0a5a844b343ba1b7cc9cb28fa9,476,11,3304,208487
248751814,2022-01-01,26ee289b2b9858b526da6f8598cf5f57,EGKK,London Gatwick,GB,EIDW,Dublin,IE,2022-01-01T08:35:00Z,2022-01-01T09:41:58Z,A320,M,a73f82288988b79be490c6322f4c32ed,47,20,268,53730
248751818,2022-01-01,ff3732a03c682b52d5e9c509ccacebb2,EDDB,Berlin Brandenburg,DE,LOWW,Vienna,AT,2022-01-01T08:34:00Z,2022-01-01T09:30:08Z,E195,M,5d407cb11cc29578cc3e292e743f5393,50,6,322,34883
248764935,2022-01-01,dfd31465773d5f5318026b6b27701086,EGLL,London Heathrow,GB,LTFM,iGA Istanbul,TR,2022-01-01T17:38:00Z,2022-01-01T20:51:00Z,B77W,H,6351ec1b849adacc0cbb3b1313d8d39b,177,16,1371,212155
248765706,2022-01-01,22a0582df0e4c52326054daa29768a45,EGLL,London Heathrow,GB,KDFW,Dallas Fort Worth,US,2022-01-01T14:51:00Z,2022-01-02T00:56:23Z,B77W,H,5543e4dc327359ffaf5b9c0e6faaf0e1,582,23,4381,242955
248760107,2022-01-01,ea74aae14a5af675d243b168c7975dab,LSZH,Zurich,CH,LTFM,iGA Istanbul,TR,2022-01-01T17:14:00Z,2022-01-01T19:43:00Z,A321,M,6351ec1b849adacc0cbb3b1313d8d39b,139,10,976,70756
248751517,2022-01-01,ab4dcf0d9e6e834fa24518f2b597e415,LTFM,iGA Istanbul,TR,LTAC,Ankara,TR,2022-01-01T19:59:00Z,2022-01-01T21:08:00Z,B38M,M,6351ec1b849adacc0cbb3b1313d8d39b,44,25,252,59715
248752290,2022-01-01,04ffdd9b93e7f7dc44725bc0c7bf91e7,LFMN,Nice,FR,EBBR,Brussels,BE,2022-01-01T15:48:00Z,2022-01-01T17:14:33Z,A319,M,bdeeef3a675587d530de70a25d7118d2,79,8,491,59474.2123287671
248750853,2022-01-01,0565942e10e73c0982636a0b705e401e,EBBR,Brussels,BE,EIDW,Dublin,IE,2022-01-01T09:15:00Z,2022-01-01T10:40:18Z,A320,M,a73f82288988b79be490c6322f4c32ed,77,8,444,48498
248752191,2022-01-01,55835cecc6830aa360f9d724e827092f,LTAC,Ankara,TR,LTFJ,Istanbul Sabiha Gokcen,TR,2022-01-01T14:14:00Z,2022-01-01T14:58:00Z,B738,M,6351ec1b849adacc0cbb3b1313d8d39b,39,5,216,56862
248752196,2022-01-01,bc8f0b52ea0ad41b5d672a6828bc6681,EIDW,Dublin,IE,KBOS,Boston,US,2022-01-01T14:08:00Z,2022-01-01T20:36:34Z,A333,H,a73f82288988b79be490c6322f4c32ed,375,14,2612,191026.734513274
248750771,2022-01-01,ecc24e942c90d8fee93ca1d53226b19b,LTFJ,Istanbul Sabiha Gokcen,TR,EHAM,Amsterdam,NL,2022-01-01T08:03:00Z,2022-01-01T11:39:43Z,B738,M,6351ec1b849adacc0cbb3b1313d8d39b,202,15,1262,72770
248751978,2022-01-01,032f3e986abeb2b8d8eb14d3dd97b662,EIDW,Dublin,IE,LFBD,Bordeaux,FR,2022-01-01T10:56:00Z,2022-01-01T12:46:03Z,A320,M,a73f82288988b79be490c6322f4c32ed,95,15,598,62974.1348521278
248750798,2022-01-01,6e3f3678233b58211600123d69a4966d,EGCC,Manchester,GB,EIDW,Dublin,IE,2022-01-01T08:25:00Z,2022-01-01T09:14:35Z,A320,M,a73f82288988b79be490c6322f4c32ed,35,15,160,52774
248753038,2022-01-01,2491e6cd48340cab006a7010dec6e22d,LEPA,Palma de Mallorca,ES,LOWW,Vienna,AT,2022-01-01T12:16:00Z,2022-01-01T14:28:42Z,A320,M,5d407cb11cc29578cc3e292e743f5393,124,9,835,61826
248761889,2022-01-01,0f276b406c26456422883bf58084e1b2,LEMG,Malaga,ES,EBBR,Brussels,BE,2022-01-01T14:34:00Z,2022-01-01T17:00:55Z,A320,M,bdeeef3a675587d530de70a25d7118d2,136,11,990,68318.3565217391
248762645,2022-01-01,f8857f93096492a0820680049f288afe,EGLL,London Heathrow,GB,EBBR,Brussels,BE,2022-01-01T11:09:00Z,2022-01-01T11:58:20Z,A320,M,bdeeef3a675587d530de70a25d7118d2,35,14,224,59470.9003398218
248762694,2022-01-01,a7f172894c28b6cdb66a8e9fbe1f2e77,LOWW,Vienna,AT,LSGG,Geneva,CH,2022-01-01T11:41:00Z,2022-01-01T13:05:30Z,E195,M,5d407cb11cc29578cc3e292e743f5393,75,10,452,43853
248761747,2022-01-01,90e1bbbbcb020a0d2cbefe2d3707adcb,LFSB,Basel/Mulhouse,FR,LSZH,Zurich,CH,2022-01-01T12:35:00Z,2022-01-01T12:57:11Z,A21N,M,6351ec1b849adacc0cbb3b1313d8d39b,15,7,60,73856
248763347,2022-01-01,cfc533d9d3c121b1f38f0cf16ad44c81,LTFM,iGA Istanbul,TR,LFMN,Nice,FR,2022-01-01T05:38:00Z,2022-01-01T08:39:44Z,B739,M,6351ec1b849adacc0cbb3b1313d8d39b,157,25,1009,69660
248763349,2022-01-01,63fff8ab31eb343a4be9d790076059a8,LTFM,iGA Istanbul,TR,LOWW,Vienna,AT,2022-01-01T05:48:00Z,2022-01-01T08:07:19Z,A21N,M,6351ec1b849adacc0cbb3b1313d8d39b,114,25,681,73707
248763355,2022-01-01,4ce879ff36c4681c6d027254814d2a75,LTFM,iGA Istanbul,TR,EDDM,Munich,DE,2022-01-01T06:00:00Z,2022-01-01T08:45:20Z,B739,M,6351ec1b849adacc0cbb3b1313d8d39b,140,25,854,68660
248763006,2022-01-01,915c15b9790db0748f0ce40b9bc3d217,LOWW,Vienna,AT,EGLL,London Heathrow,GB,2022-01-01T16:45:00Z,2022-01-01T18:59:06Z,A320,M,5d407cb11cc29578cc3e292e743f5393,121,13,700,63791
248762708,2022-01-01,a3ecbee5f28f038168f74c4cfa073ced,EGLL,London Heathrow,GB,KCLT,Charlotte,US,2022-01-01T11:48:00Z,2022-01-01T20:32:15Z,B772,H,5543e4dc327359ffaf5b9c0e6faaf0e1,504,20,3546,201282
248762712,2022-01-01,c0ef017458a0cb93cabb79b992dd8bdb,EGPH,Edinburgh,GB,LTFM,iGA Istanbul,TR,2022-01-01T11:52:00Z,2022-01-01T15:44:00Z,A21N,M,6351ec1b849adacc0cbb3b1313d8d39b,219,13,1625,73806
248762500,2022-01-01,4287395b47d8e51ae5e8430b3fd28004,EBBR,Brussels,BE,LPPT,Lisbon,PT,2022-01-01T09:00:00Z,2022-01-01T11:49:41Z,A320,M,bdeeef3a675587d530de70a25d7118d2,158,12,984,66380
248764973,2022-01-01,1c220e3571ecf5cdc3dbe56195c0909f,ENHD,Haugesund,NO,ENGM,Oslo,NO,2022-01-01T18:38:35Z,2022-01-01T19:21:04Z,B737,M,8be5c854fd664bcb97fb543339f74770,37,5,209,56862
248765681,2022-01-01,6ffca7c7b00710df057eb312f7bc7262,LEVC,Valencia,ES,LSZH,Zurich,CH,2022-01-01T14:24:00Z,2022-01-01T16:14:47Z,A321,M,2d5def0a5a844b343ba1b7cc9cb28fa9,101,10,675,67756
248765829,2022-01-01,204c541809c47cf553a71068dc19cc05,EGLL,London Heathrow,GB,KJFK,New York JFK,US,2022-01-01T16:59:00Z,2022-01-02T00:15:36Z,B77W,H,5543e4dc327359ffaf5b9c0e6faaf0e1,420,17,3050,233127
248765733,2022-01-01,d1f8bbc310b51fb4e1b04e1aa2c8fcba,ENGM,Oslo,NO,EKCH,Copenhagen,DK,2022-01-01T15:32:00Z,2022-01-01T16:37:45Z,CRJ9,M,8be5c854fd664bcb97fb543339f74770,46,20,288,32838
248755582,2022-01-01,e7fdb8554c56f9137bd611157d9fc9a1,EKCH,Copenhagen,DK,ESGG,Gothenburg,SE,2022-01-01T07:08:00Z,2022-01-01T07:53:03Z,AT76,M,8be5c854fd664bcb97fb543339f74770,39,6,139,19938
248751745,2022-01-01,b7b7d47344cf052c5b710aa7b972a2ac,EIDW,Dublin,IE,EBBR,Brussels,BE,2022-01-01T06:45:00Z,2022-01-01T08:19:31Z,A320,M,a73f82288988b79be490c6322f4c32ed,77,18,479,48498
248762415,2022-01-01,f8b7e9c64dbea62e80c707bad7cf1c45,EBBR,Brussels,BE,LFPG,Paris Charles de Gaulle,FR,2022-01-01T07:14:00Z,2022-01-01T08:00:03Z,A320,M,bdeeef3a675587d530de70a25d7118d2,36,10,151,59470.9003398218
248765147,2022-01-01,c49855223879a993a3f1ab2899a5bc93,KJFK,New York JFK,US,LSGG,Geneva,CH,2022-01-01T00:27:00Z,2022-01-01T08:11:33Z,A333,H,2d5def0a5a844b343ba1b7cc9cb28fa9,430,35,3557,190943
248764460,2022-01-01,27dc985d859edc1dc123eb3f0a906fe5,EGLL,London Heathrow,GB,EGAC,Belfast City,GB,2022-01-01T09:58:00Z,2022-01-01T11:04:00Z,A320,M,a73f82288988b79be490c6322f4c32ed,53,13,303,51791
248750932,2022-01-01,7c0c2e4a50981c94a9593537d19c2d8b,LIRF,Rome Fiumicino,IT,EIDW,Dublin,IE,2022-01-01T10:40:00Z,2022-01-01T13:55:49Z,A320,M,a73f82288988b79be490c6322f4c32ed,177,19,1136,57868.5
248752794,2022-01-01,42600289e6dd0909c8e2a8ecf91a5cf7,LROP,Bucharest Otopeni,RO,LTFM,iGA Istanbul,TR,2022-01-01T07:50:00Z,2022-01-01T08:52:00Z,A320,M,6351ec1b849adacc0cbb3b1313d8d39b,47,15,265,58774
248752801,2022-01-01,4c7ac22cdb1e74231c6a5e976b2dd373,LBSF,Sofia,BG,LTFM,iGA Istanbul,TR,2022-01-01T08:11:00Z,2022-01-01T09:14:56Z,B738,M,6351ec1b849adacc0cbb3b1313d8d39b,53,11,278,54807
248752004,2022-01-01,49fdc5ad1b303f15227d02cfc52186da,EGBB,Birmingham,GB,LTFM,iGA Istanbul,TR,2022-01-01T11:18:00Z,2022-01-01T14:50:00Z,A21N,M,6351ec1b849adacc0cbb3b1313d8d39b,197,15,1455,66790
248752008,2022-01-01,54b1ba4eaf49fc6ceb9a6e71ba42bcfb,LSZH,Zurich,CH,ESSA,Stockholm Arlanda,SE,2022-01-01T11:44:00Z,2022-01-01T13:56:18Z,A20N,M,2d5def0a5a844b343ba1b7cc9cb28fa9,123,9,832,61859
248752015,2022-01-01,81d47bd5c0328a61500d3fda9dd8fb3c,EGCC,Manchester,GB,EBBR,Brussels,BE,2022-01-01T11:41:00Z,2022-01-01T12:59:30Z,A319,M,bdeeef3a675587d530de70a25d7118d2,63,16,352,57274.3449402927
248750958,2022-01-01,85ee68e5b7b5acf24ba00d1318eca1e8,LFPG,Paris Charles de Gaulle,FR,KMIA,Miami,US,2022-01-01T11:34:00Z,2022-01-01T21:22:58Z,B772,H,5543e4dc327359ffaf5b9c0e6faaf0e1,575,14,4179,186418
248752808,2022-01-01,c38819f0fa29386e649f527520610076,EPWA,Warsaw Chopin,PL,LTFM,iGA Istanbul,TR,2022-01-01T08:05:00Z,2022-01-01T10:08:00Z,A321,M,6351ec1b849adacc0cbb3b1313d8d39b,112,11,784,62744
248752167,2022-01-01,ccd590dd24e434776ee68eb636a01986,ESMS,Malmo,SE,ESSA,Stockholm Arlanda,SE,2022-01-01T13:54:00Z,2022-01-01T14:52:53Z,CRJ9,M,8be5c854fd664bcb97fb543339f74770,49,10,292,30892
248752032,2022-01-01,49436c394239c7b5570684f82b376a32,EDDF,Frankfurt,DE,LOWW,Vienna,AT,2022-01-01T11:35:00Z,2022-01-01T12:46:19Z,A321,M,5d407cb11cc29578cc3e292e743f5393,57,14,369,58707
248752033,2022-01-01,a8444b4affaaef50b17b307beae7b437,LFPG,Paris Charles de Gaulle,FR,LTAC,Ankara,TR,2022-01-01T11:59:00Z,2022-01-01T15:35:00Z,B738,M,6351ec1b849adacc0cbb3b1313d8d39b,199,17,1476,63752
248752034,2022-01-01,9e68aad92af8256a947bc671b6226158,EKCH,Copenhagen,DK,KEWR,Newark,US,2022-01-01T12:08:00Z,2022-01-01T20:08:10Z,A359,H,8be5c854fd664bcb97fb543339f74770,467,13,3430,233445
248752704,2022-01-01,8d0f4286d1cc8073394f9cceb075e0f9,LTFM,iGA Istanbul,TR,EDDN,Nurenberg,DE,2022-01-01T06:04:00Z,2022-01-01T09:04:31Z,A321,M,6351ec1b849adacc0cbb3b1313d8d39b,156,25,924,77571
248760807,2022-01-01,408c1d5b0fe833d46184e2f36f6c80a7,LTFM,iGA Istanbul,TR,LSZH,Zurich,CH,2022-01-01T13:04:00Z,2022-01-01T16:07:57Z,A321,M,6351ec1b849adacc0cbb3b1313d8d39b,159,25,979,79571
248752823,2022-01-01,a4439183674a6211250e06b24b90d6d9,EBBR,Brussels,BE,LFML,Marseille,FR,2022-01-01T08:41:00Z,2022-01-01T10:10:00Z,A319,M,bdeeef3a675587d530de70a25d7118d2,80,9,508,58244.2172181094
248751462,2022-01-01,7bb3fd9f04e3acd984a01ac5d1193d76,EDDH,Hamburg,DE,LOWW,Vienna,AT,2022-01-01T19:04:00Z,2022-01-01T20:20:54Z,A320,M,5d407cb11cc29578cc3e292e743f5393,68,9,457,53826
248751591,2022-01-01,e081e3c0c7f0ddaeb676c74367eb27eb,EHAM,Amsterdam,NL,LTFM,iGA Istanbul,TR,2022-01-01T21:42:00Z,2022-01-02T00:35:00Z,A21N,M,6351ec1b849adacc0cbb3b1313d8d39b,161,12,1230,73814
248751357,2022-01-01,a80ce12e230058d3027ada1042bb427b,LOWW,Vienna,AT,LSGG,Geneva,CH,2022-01-01T16:39:00Z,2022-01-01T18:07:31Z,A320,M,5d407cb11cc29578cc3e292e743f5393,76,13,459,62791
248750693,2022-01-01,e7d806f0aeb480b38cb82aa91d265417,LTFM,iGA Istanbul,TR,LBSF,Sofia,BG,2022-01-01T05:55:00Z,2022-01-01T07:17:08Z,B738,M,6351ec1b849adacc0cbb3b1313d8d39b,57,25,285,56678
248753221,2022-01-01,bb77ca076bffc18bf7d46c4f953a9e84,EIDW,Dublin,IE,KJFK,New York JFK,US,2022-01-01T15:43:00Z,2022-01-01T22:50:52Z,A21N,M,a73f82288988b79be490c6322f4c32ed,414,14,2773,89798
248764129,2022-01-01,049103b51ba16aaf5693443271ae29ce,KMIA,Miami,US,ESSA,Stockholm Arlanda,SE,2022-01-01T21:45:00Z,2022-01-02T06:59:39Z,A333,H,8be5c854fd664bcb97fb543339f74770,545,10,4443,199510
248763684,2022-01-01,6c98fcaa191dec632b87b46511f1d2da,LEMD,Madrid Barajas,ES,KJFK,New York JFK,US,2022-01-01T12:31:00Z,2022-01-01T20:21:38Z,B772,H,5543e4dc327359ffaf5b9c0e6faaf0e1,455,16,3174,203373
248764006,2022-01-01,759af72400d10e6be10ab87f832de7a8,EIDW,Dublin,IE,EGKK,London Gatwick,GB,2022-01-01T17:58:00Z,2022-01-01T19:08:33Z,A320,M,a73f82288988b79be490c6322f4c32ed,56,15,307,50126
248762575,2022-01-01,a0d4c31cee154171b82afa306d29e04f,EIDW,Dublin,IE,LFPG,Paris Charles de Gaulle,FR,2022-01-01T10:01:00Z,2022-01-01T11:37:24Z,A320,M,a73f82288988b79be490c6322f4c32ed,81,15,499,63179.4145873321
248762582,2022-01-01,4c453f2765f90bcee1eb42e427a19a4f,LFBO,Toulouse Blagnac,FR,LTFM,iGA Istanbul,TR,2022-01-01T10:18:00Z,2022-01-01T13:30:00Z,A21N,M,6351ec1b849adacc0cbb3b1313d8d39b,182,10,1275,68831
248754560,2022-01-01,642f87b7f25f96832c49e0b0356b260b,LTFM,iGA Istanbul,TR,LHBP,Budapest,HU,2022-01-01T05:16:00Z,2022-01-01T07:17:27Z,B738,M,6351ec1b849adacc0cbb3b1313d8d39b,96,25,557,62678
248762722,2022-01-01,c1f006f39f658a68e349c77212b642dc,EGLL,London Heathrow,GB,KMIA,Miami,US,2022-01-01T12:17:00Z,2022-01-01T21:18:48Z,B77W,H,5543e4dc327359ffaf5b9c0e6faaf0e1,523,19,3873,244069
248763387,2022-01-01,9ed43d6afe1cc9ed020c4196d28b6105,LTFM,iGA Istanbul,TR,LIPZ,Venice,IT,2022-01-01T06:27:00Z,2022-01-01T09:00:55Z,B738,M,6351ec1b849adacc0cbb3b1313d8d39b,129,25,799,61678
248762395,2022-01-01,fe90fb0627a9920ac8cc4feabc338e84,LTBS,Mugla Dalaman,TR,LTFJ,Istanbul Sabiha Gokcen,TR,2022-01-01T06:59:00Z,2022-01-01T08:00:00Z,B738,M,6351ec1b849adacc0cbb3b1313d8d39b,55,6,323,55852
248762396,2022-01-01,cad729dcad0928b1609973534eead161,EIDW,Dublin,IE,EDDF,Frankfurt,DE,2022-01-01T06:47:00Z,2022-01-01T08:39:02Z,A320,M,a73f82288988b79be490c6322f4c32ed,94,18,644,62352.6257062147
248762162,2022-01-01,48c2c055e2270bf10204c698b1776439,LOWW,Vienna,AT,ESSA,Stockholm Arlanda,SE,2022-01-01T20:02:00Z,2022-01-01T22:09:45Z,A320,M,5d407cb11cc29578cc3e292e743f5393,115,13,751,61791
248764539,2022-01-01,909b2e49e05c28c7706200c8f5faefc7,ESGG,Gothenburg,SE,LTFM,iGA Istanbul,TR,2022-01-01T11:10:00Z,2022-01-01T13:58:00Z,A21N,M,6351ec1b849adacc0cbb3b1313d8d39b,158,10,1213,69831
248753068,2022-01-01,56150540ebff78da19b84ba990a355a0,LTFJ,Istanbul Sabiha Gokcen,TR,LSZH,Zurich,CH,2022-01-01T13:00:00Z,2022-01-01T15:55:43Z,B738,M,6351ec1b849adacc0cbb3b1313d8d39b,161,15,1024,72770
248751045,2022-01-01,1de47b5312ced07d45d4f8e7399a5316,ESNZ,Are Ostersund,SE,ESSA,Stockholm Arlanda,SE,2022-01-01T12:14:00Z,2022-01-01T12:59:51Z,A20N,M,8be5c854fd664bcb97fb543339f74770,41,5,264,59889
248754296,2022-01-01,feb9395fc55be61b703a3c43ea6ba8ed,LGAV,Athens,GR,LSGG,Geneva,CH,2022-01-01T17:11:00Z,2022-01-01T19:56:24Z,BCS1,M,2d5def0a5a844b343ba1b7cc9cb28fa9,152,13,956,46846
248754309,2022-01-01,26071b61021daea12a6917ddbf7b18f7,LPFR,Faro,PT,EBBR,Brussels,BE,2022-01-01T17:41:00Z,2022-01-01T20:11:39Z,A319,M,bdeeef3a675587d530de70a25d7118d2,141,10,1030,61856.9469934696
248754313,2022-01-01,953d55fb3d5b19f83645ded2b08f1d4d,EDDH,Hamburg,DE,ENGM,Oslo,NO,2022-01-01T17:43:00Z,2022-01-01T19:03:29Z,CRJ9,M,8be5c854fd664bcb97fb543339f74770,70,10,441,28892
248751722,2022-01-01,5d5c82ee2f750425e7b9fe4483cd9065,LSZH,Zurich,CH,EDDH,Hamburg,DE,2022-01-01T06:16:00Z,2022-01-01T07:43:44Z,A20N,M,2d5def0a5a844b343ba1b7cc9cb28fa9,71,17,406,50798
248765106,2022-01-01,89dbd380d6715e537da88e764f129dbb,LTFM,iGA Istanbul,TR,OOMS,Muscat,OM,2022-01-01T21:59:00Z,2022-01-02T03:03:22Z,A21N,M,6351ec1b849adacc0cbb3b1313d8d39b,279,25,2101,84707
248751761,2022-01-01,1e7f15e965408d850b41a347e6ae8fbd,EIDW,Dublin,IE,LPPT,Lisbon,PT,2022-01-01T07:02:00Z,2022-01-01T10:06:08Z,A320,M,a73f82288988b79be490c6322f4c32ed,166,18,943,65181.8813410116
248765139,2022-01-01,159b8ce3df68233d04b17a6b90f9da18,KMIA,Miami,US,LFPG,Paris Charles de Gaulle,FR,2022-01-01T01:19:00Z,2022-01-01T09:28:11Z,B772,H,5543e4dc327359ffaf5b9c0e6faaf0e1,479,10,4141,182509
248765179,2022-01-01,ea1db2aa2c46107d2a92fd4c78723c2c,LTFM,iGA Istanbul,TR,KSFO,San Francisco,US,2022-01-01T04:54:00Z,2022-01-01T18:12:40Z,B789,H,6351ec1b849adacc0cbb3b1313d8d39b,774,25,5939,243368
248765184,2022-01-01,bbdf853a4f2e5abcfb14296c3180fdcd,LTFM,iGA Istanbul,TR,LPPT,Lisbon,PT,2022-01-01T05:20:00Z,2022-01-01T10:21:01Z,A21N,M,6351ec1b849adacc0cbb3b1313d8d39b,276,25,1825,70707
248764834,2022-01-01,9245621806a1cecf395eb5c46ec0b51b,ESPA,Lulea,SE,ESSA,Stockholm Arlanda,SE,2022-01-01T16:00:00Z,2022-01-01T17:10:48Z,A20N,M,8be5c854fd664bcb97fb543339f74770,61,10,397,64851
248764648,2022-01-01,fbe500f9b518e9e80402dcd95deb9399,EGPH,Edinburgh,GB,EGAC,Belfast City,GB,2022-01-01T12:39:00Z,2022-01-01T13:14:02Z,A320,M,a73f82288988b79be490c6322f4c32ed,28,7,117,50844
248752774,2022-01-01,ed17dcada3854a33bc5950b191536727,EETN,Tallinn,EE,LSZH,Zurich,CH,2022-01-01T08:01:00Z,2022-01-01T11:03:27Z,BCS3,M,2d5def0a5a844b343ba1b7cc9cb28fa9,170,12,940,54871
248752117,2022-01-01,f6c67744bd44436f7496e7c2c636b9f0,LOWW,Vienna,AT,LLBG,Tel Aviv,IL,2022-01-01T13:04:00Z,2022-01-01T16:13:00Z,A320,M,5d407cb11cc29578cc3e292e743f5393,176,13,1295,68791
248752118,2022-01-01,f5032f3e5e9a88a8bd38579622b323d1,EGLL,London Heathrow,GB,KSEA,Seattle,US,2022-01-01T13:06:00Z,2022-01-01T22:24:34Z,B772,H,5543e4dc327359ffaf5b9c0e6faaf0e1,546,13,4278,180441
248750694,2022-01-01,21cf8666207069bbe1bdb621a88e3580,LTFM,iGA Istanbul,TR,ESGG,Gothenburg,SE,2022-01-01T06:06:00Z,2022-01-01T09:53:42Z,A21N,M,6351ec1b849adacc0cbb3b1313d8d39b,203,25,1213,72707
248751241,2022-01-01,772edc663ffb755c9c67e899d6ac12e7,ENZV,Stavanger,NO,EKCH,Copenhagen,DK,2022-01-01T15:01:24Z,2022-01-01T16:03:27Z,CRJ9,M,8be5c854fd664bcb97fb543339f74770,52,10,313,31892
248756743,2022-01-01,167ae60a7fcaf7259d0192bcd8f051fd,EHAM,Amsterdam,NL,ENGM,Oslo,NO,2022-01-01T10:13:00Z,2022-01-01T12:15:22Z,CRJ9,M,8be5c854fd664bcb97fb543339f74770,109,13,573,32876
248757560,2022-01-01,b0ddeff09b54060b1405222ae79d8565,EIDW,Dublin,IE,LEBL,Barcelona,ES,2022-01-01T07:14:00Z,2022-01-01T09:40:50Z,A320,M,a73f82288988b79be490c6322f4c32ed,129,18,842,66929.3425925926
248760785,2022-01-01,19755d2d46e6332935772bdcb3d67066,LSZH,Zurich,CH,LTFJ,Istanbul Sabiha Gokcen,TR,2022-01-01T12:51:00Z,2022-01-01T15:38:00Z,B738,M,6351ec1b849adacc0cbb3b1313d8d39b,157,10,1095,59816
248761451,2022-01-01,a2bd79cfcc86d99ce76edbd8d3365dd6,EGAC,Belfast City,GB,EGCC,Manchester,GB,2022-01-01T07:34:00Z,2022-01-01T08:23:07Z,A320,M,a73f82288988b79be490c6322f4c32ed,39,10,181,51818
248758278,2022-01-01,b0ad2e755b196537674d617b7ee44d5d,LTFM,iGA Istanbul,TR,EDDB,Berlin Brandenburg,DE,2022-01-01T05:47:00Z,2022-01-01T08:48:27Z,A321,M,6351ec1b849adacc0cbb3b1313d8d39b,156,25,940,79571
248758284,2022-01-01,aed320e63401defaba4caead18233faf,EGLL,London Heathrow,GB,EIDW,Dublin,IE,2022-01-01T17:40:00Z,2022-01-01T18:38:32Z,A320,M,a73f82288988b79be490c6322f4c32ed,49,10,252,51818
248759287,2022-01-01,332dc60565d068a0773b57868ab4bbcb,EKCH,Copenhagen,DK,ESGG,Gothenburg,SE,2022-01-01T19:53:00Z,2022-01-01T20:33:34Z,CRJ9,M,8be5c854fd664bcb97fb543339f74770,33,8,166,26903
248760673,2022-01-01,04692545b4f6b78b54677662470f7cf6,ESGG,Gothenburg,SE,EBBR,Brussels,BE,2022-01-01T10:50:00Z,2022-01-01T12:25:45Z,A319,M,bdeeef3a675587d530de70a25d7118d2,86,10,508,58244.2172181094
248757512,2022-01-01,ea89f96beeb9f66f840aaad21341e051,LFLL,Lyon,FR,EBBR,Brussels,BE,2022-01-01T06:23:00Z,2022-01-01T07:47:07Z,A319,M,bdeeef3a675587d530de70a25d7118d2,68,16,390,57274.3449402927
248756912,2022-01-01,9ee5de7f922a6b76d54020c75e141596,LSGG,Geneva,CH,ESGG,Gothenburg,SE,2022-01-01T12:32:00Z,2022-01-01T14:46:36Z,BCS3,M,2d5def0a5a844b343ba1b7cc9cb28fa9,122,13,791,53866
248762407,2022-01-01,e40d43526ac77710eb7ff146e6756cad,LTFJ,Istanbul Sabiha Gokcen,TR,LTAC,Ankara,TR,2022-01-01T06:53:00Z,2022-01-01T07:45:00Z,B738,M,6351ec1b849adacc0cbb3b1313d8d39b,37,15,251,54770
248764211,2022-01-01,9b0a27dcd49eee1f57265b602305ec06,LGAV,Athens,GR,LOWW,Vienna,AT,2022-01-01T03:55:00Z,2022-01-01T06:01:10Z,A320,M,5d407cb11cc29578cc3e292e743f5393,114,12,717,52800
248751834,2022-01-01,fe48dafcf37508e123e3ed7121c2f6f8,EBBR,Brussels,BE,LSGG,Geneva,CH,2022-01-01T08:54:00Z,2022-01-01T10:01:42Z,A319,M,bdeeef3a675587d530de70a25d7118d2,58,10,367,56813.7222222222
248754581,2022-01-01,2732ee8b46d42535cae016f33df1c953,ESGG,Gothenburg,SE,EBBR,Brussels,BE,2022-01-01T06:07:00Z,2022-01-01T07:39:23Z,A319,M,bdeeef3a675587d530de70a25d7118d2,82,10,503,58244.2172181094
248754448,2022-01-01,80fa84884359d691fa2e57d750814258,LOWW,Vienna,AT,LYBE,Belgrade,RS,2022-01-01T21:10:00Z,2022-01-01T22:09:03Z,E195,M,5d407cb11cc29578cc3e292e743f5393,49,10,285,41853
248762779,2022-01-01,2ffb6c6e4542b1fd2566f28e0eacffda,LSZH,Zurich,CH,LTFM,iGA Istanbul,TR,2022-01-01T14:07:00Z,2022-01-01T16:33:00Z,A21N,M,6351ec1b849adacc0cbb3b1313d8d39b,135,11,990,76823
248762784,2022-01-01,e4f72b156e3fa772539e9f8c6c30256f,LTFM,iGA Istanbul,TR,LFPG,Paris Charles de Gaulle,FR,2022-01-01T12:51:00Z,2022-01-01T16:31:05Z,A333,H,6351ec1b849adacc0cbb3b1313d8d39b,195,25,1243,183169
248763933,2022-01-01,4653e0ed987c5ca291eaa0a39d7a0699,LSZH,Zurich,CH,LKPR,Prague,CZ,2022-01-01T16:45:00Z,2022-01-01T17:53:54Z,BCS1,M,2d5def0a5a844b343ba1b7cc9cb28fa9,58,11,327,43860
248763937,2022-01-01,25998062e5194fec735951e2dcec4142,LOWW,Vienna,AT,EDDS,Stuttgart,DE,2022-01-01T16:57:00Z,2022-01-01T17:58:33Z,E195,M,5d407cb11cc29578cc3e292e743f5393,52,10,305,40853
248761757,2022-01-01,9c4964c076ef7cbfad5fd8067994b76f,EBAW,Antwerp,BE,LEMG,Malaga,ES,2022-01-01T12:46:00Z,2022-01-01T15:30:39Z,E190,M,f53c55b5cf0cbb3be755bf50df6fa52d,160,5,994,45944
248764655,2022-01-01,aa60d77322955945c7c69916fd7513de,EGKK,London Gatwick,GB,EIKN,Ireland West,IE,2022-01-01T12:44:00Z,2022-01-01T14:12:16Z,A320,M,a73f82288988b79be490c6322f4c32ed,68,20,364,54730
248764876,2022-01-01,cfa047a9850fcb67164188353e17a7f3,LSZH,Zurich,CH,ESSA,Stockholm Arlanda,SE,2022-01-01T16:30:00Z,2022-01-01T18:44:13Z,A321,M,2d5def0a5a844b343ba1b7cc9cb28fa9,125,9,839,73768
248765428,2022-01-01,aca9a2a1296a164dcefe4f87bbb5a3da,LTAC,Ankara,TR,EDDL,Dusseldorf,DE,2022-01-01T10:06:00Z,2022-01-01T13:35:01Z,B738,M,6351ec1b849adacc0cbb3b1313d8d39b,204,5,1298,70862
248764815,2022-01-01,9aee248b493291ab5559a113cd22d192,LTFM,iGA Istanbul,TR,EGLL,London Heathrow,GB,2022-01-01T15:28:00Z,2022-01-01T19:24:22Z,A21N,M,6351ec1b849adacc0cbb3b1313d8d39b,211,25,1402,80707
248764895,2022-01-01,c0bebe18539a0cd2b20006e6af9e8770,LOWW,Vienna,AT,LSZH,Zurich,CH,2022-01-01T16:50:00Z,2022-01-01T18:01:11Z,E195,M,5d407cb11cc29578cc3e292e743f5393,61,10,344,43853
248764887,2022-01-01,e6b0334f3135c8466e392e28ec86acd8,LEMG,Malaga,ES,EBBR,Brussels,BE,2022-01-01T16:30:00Z,2022-01-01T19:13:22Z,E190,M,f53c55b5cf0cbb3be755bf50df6fa52d,152,11,1009,45911
248765337,2022-01-01,b770bec76a41dfa520d8f90b8419f1ca,EDDB,Berlin Brandenburg,DE,LSZH,Zurich,CH,2022-01-01T08:31:00Z,2022-01-01T09:41:13Z,A320,M,2d5def0a5a844b343ba1b7cc9cb28fa9,63,7,363,53844
248765487,2022-01-01,9a99cdcc17494e876ee766e5fff5125b,EDDB,Berlin Brandenburg,DE,EBBR,Brussels,BE,2022-01-01T10:55:00Z,2022-01-01T12:07:13Z,A319,M,bdeeef3a675587d530de70a25d7118d2,65,7,353,57274.3449402927
248764600,2022-01-01,0887470625b30d184c4c185e770f3000,EIDW,Dublin,IE,EGCC,Manchester,GB,2022-01-01T12:02:00Z,2022-01-01T12:50:26Z,A320,M,a73f82288988b79be490c6322f4c32ed,33,15,177,48472.75
248764612,2022-01-01,11e58c39bd5b0d452f8fedc03ec6c9d8,LSZH,Zurich,CH,KLAX,Los Angeles,US,2022-01-01T12:32:00Z,2022-01-01T23:49:42Z,B77W,H,2d5def0a5a844b343ba1b7cc9cb28fa9,668,10,5247,316327
248765349,2022-01-01,bd58b30c2e2212d7eef66e77e88e569f,LTFM,iGA Istanbul,TR,EHAM,Amsterdam,NL,2022-01-01T08:42:00Z,2022-01-01T12:20:15Z,A333,H,6351ec1b849adacc0cbb3b1313d8d39b,193,25,1211,178169
248765359,2022-01-01,9edc0d994435add8717c004beb5bed88,EDDH,Hamburg,DE,LSZH,Zurich,CH,2022-01-01T08:55:00Z,2022-01-01T10:31:55Z,A20N,M,2d5def0a5a844b343ba1b7cc9cb28fa9,88,9,401,59859
248764264,2022-01-01,bf484771e2390a04f8b0f4c7565330a9,LTFM,iGA Istanbul,TR,LROP,Bucharest Otopeni,RO,2022-01-01T05:45:00Z,2022-01-01T06:58:00Z,A320,M,6351ec1b849adacc0cbb3b1313d8d39b,48,25,252,60687
248758752,2022-01-01,4770c7fbc85982727004fcb78414e5ee,LTFJ,Istanbul Sabiha Gokcen,TR,LFPG,Paris Charles de Gaulle,FR,2022-01-01T10:46:00Z,2022-01-01T14:29:37Z,B738,M,6351ec1b849adacc0cbb3b1313d8d39b,203,21,1271,69715
248757523,2022-01-01,4441bc2ecc8c50b32f911a81faedf09e,LSZH,Zurich,CH,EHAM,Amsterdam,NL,2022-01-01T06:25:00Z,2022-01-01T07:51:05Z,A320,M,2d5def0a5a844b343ba1b7cc9cb28fa9,73,13,400,51791
248757533,2022-01-01,ae74a07c8b621f345b5856549fce857c,LSZH,Zurich,CH,LPPR,Porto,PT,2022-01-01T06:42:00Z,2022-01-01T09:16:02Z,A320,M,2d5def0a5a844b343ba1b7cc9cb28fa9,132,22,862,57713
248757539,2022-01-01,ba2de8e1df3245784a043e146e94cca8,LTFM,iGA Istanbul,TR,LJLJ,Ljubljana,SI,2022-01-01T06:36:00Z,2022-01-01T08:59:09Z,A319,M,6351ec1b849adacc0cbb3b1313d8d39b,118,25,711,62728
248759919,2022-01-01,85f47aba3dcbcaef7ff0aeea1eaba33a,LROP,Bucharest Otopeni,RO,LOWW,Vienna,AT,2022-01-01T13:48:00Z,2022-01-01T15:23:09Z,A320,M,5d407cb11cc29578cc3e292e743f5393,80,15,456,58774
248759216,2022-01-01,4ab0c3fefc4ca9ca52c297c98fc90871,EDDM,Munich,DE,LOWW,Vienna,AT,2022-01-01T18:12:00Z,2022-01-01T19:01:26Z,E195,M,5d407cb11cc29578cc3e292e743f5393,38,11,219,40846
248759236,2022-01-01,e086241d137984a00f825f6cb3671815,LEMG,Malaga,ES,EBBR,Brussels,BE,2022-01-01T18:54:00Z,2022-01-01T21:23:43Z,B738,M,f53c55b5cf0cbb3be755bf50df6fa52d,139,11,1011,66807
248757403,2022-01-01,4a9938546b2bb9321e836cec9335f8c9,KBOS,Boston,US,EIDW,Dublin,IE,2022-01-01T23:23:00Z,2022-01-02T05:12:58Z,A333,H,a73f82288988b79be490c6322f4c32ed,330,20,2702,175283
248756838,2022-01-01,3de9465b2413886603abf704936dd3d9,LOWW,Vienna,AT,LROP,Bucharest Otopeni,RO,2022-01-01T11:27:00Z,2022-01-01T12:51:00Z,A320,M,5d407cb11cc29578cc3e292e743f5393,71,13,477,53791
248756188,2022-01-01,9b99fea2afa6ced42c5eeb8a2932ef78,EGLL,London Heathrow,GB,EKCH,Copenhagen,DK,2022-01-01T17:02:00Z,2022-01-01T18:34:03Z,A20N,M,1332254e11e92b4ac6410613b2e86787,82,10,569,52851
248759270,2022-01-01,70c0f519c53214984378462aea570b72,LTFE,Bodrum,TR,LTFJ,Istanbul Sabiha Gokcen,TR,2022-01-01T19:25:00Z,2022-01-01T20:35:00Z,B738,M,6351ec1b849adacc0cbb3b1313d8d39b,60,10,362,59816
248759942,2022-01-01,e54a3ca6d4bedd4d8422c8fc69c29457,LTFM,iGA Istanbul,TR,KORD,Chicago O'Hare,US,2022-01-01T14:08:00Z,2022-01-02T01:46:17Z,B77W,H,6351ec1b849adacc0cbb3b1313d8d39b,673,25,4961,341898
248759946,2022-01-01,079d7e0d7e5343dc7139b86f6a84d3af,ENBR,Bergen,NO,ENGM,Oslo,NO,2022-01-01T14:23:25Z,2022-01-01T15:14:12Z,BCS3,M,8be5c854fd664bcb97fb543339f74770,36,15,195,54854
248757387,2022-01-01,597e6d09d8c5fd14ba51b497e5c695b1,KDFW,Dallas Fort Worth,US,EDDF,Frankfurt,DE,2022-01-01T22:11:00Z,2022-01-02T07:11:44Z,B772,H,5543e4dc327359ffaf5b9c0e6faaf0e1,531,10,4592,187509
248758037,2022-01-01,1ebce1d7c87fe3e6a022b52c8e3c886f,LSGG,Geneva,CH,EIDW,Dublin,IE,2022-01-01T14:56:00Z,2022-01-01T16:57:10Z,A320,M,a73f82288988b79be490c6322f4c32ed,108,13,680,63817.0853629665
248758041,2022-01-01,6cdf2d8437970aa4df99f9b3f48135ff,LFPG,Paris Charles de Gaulle,FR,LOWW,Vienna,AT,2022-01-01T15:01:00Z,2022-01-01T16:43:54Z,A320,M,5d407cb11cc29578cc3e292e743f5393,89,14,616,57783
248761766,2022-01-01,4173322b846ed9ee520a138ef403df4c,LTFM,iGA Istanbul,TR,EFHK,Helsinki,FI,2022-01-01T12:15:00Z,2022-01-01T16:19:42Z,A321,M,6351ec1b849adacc0cbb3b1313d8d39b,220,25,1238,72571
248763304,2022-01-01,15881c0575d1e8fe902eecc0a2c8ef75,KLAX,Los Angeles,US,LSZH,Zurich,CH,2022-01-01T03:52:00Z,2022-01-01T14:18:11Z,B77W,H,2d5def0a5a844b343ba1b7cc9cb28fa9,616,10,5416,290327
248763306,2022-01-01,5cd9646b30c1aec17fecca94eb3bb7ff,KORD,Chicago O'Hare,US,EKCH,Copenhagen,DK,2022-01-01T03:56:00Z,2022-01-01T12:02:47Z,A333,H,8be5c854fd664bcb97fb543339f74770,462,25,3783,223169
248762619,2022-01-01,83f8a5f7fcb11a50beab1e485b17eded,LSGG,Geneva,CH,EBBR,Brussels,BE,2022-01-01T10:47:00Z,2022-01-01T11:57:26Z,A319,M,bdeeef3a675587d530de70a25d7118d2,57,13,329,56813.7222222222
248762482,2022-01-01,9a6ab10fbb4aa443bef4c49245ed0823,EGLL,London Heathrow,GB,EIDW,Dublin,IE,2022-01-01T08:44:00Z,2022-01-01T09:49:51Z,A21N,M,a73f82288988b79be490c6322f4c32ed,46,20,251,64748
248754455,2022-01-01,37ebef758f2d2c6b4d20bc96def37f41,KCLT,Charlotte,US,EDDM,Munich,DE,2022-01-01T21:41:00Z,2022-01-02T05:53:27Z,B772,H,5543e4dc327359ffaf5b9c0e6faaf0e1,482,10,4155,181509
248763872,2022-01-01,dd013ba66df48d33f11c22e2e6fd6e3f,LGAV,Athens,GR,LSZH,Zurich,CH,2022-01-01T15:41:00Z,2022-01-01T18:25:27Z,A321,M,2d5def0a5a844b343ba1b7cc9cb28fa9,151,13,932,71719
248763220,2022-01-01,bec5efbde8e4a5b05f75fdedb3e89e54,LOWW,Vienna,AT,LBSF,Sofia,BG,2022-01-01T20:49:00Z,2022-01-01T22:13:40Z,A320,M,5d407cb11cc29578cc3e292e743f5393,72,13,479,50791
248763222,2022-01-01,3bcb4adb5693658c7457604763df0f57,LOWW,Vienna,AT,LROP,Bucharest Otopeni,RO,2022-01-01T21:02:00Z,2022-01-01T22:24:00Z,A320,M,5d407cb11cc29578cc3e292e743f5393,69,13,467,54791
248755158,2022-01-01,ed39e650f2ed3b2f8ec99348e88f5ebb,LOWW,Vienna,AT,EHAM,Amsterdam,NL,2022-01-01T16:26:00Z,2022-01-01T18:14:32Z,A320,M,5d407cb11cc29578cc3e292e743f5393,96,13,551,55791
248762056,2022-01-01,5c1e38e472a051c61e9d0b057ff06cd7,LSZH,Zurich,CH,LHBP,Budapest,HU,2022-01-01T17:46:00Z,2022-01-01T19:13:04Z,BCS1,M,2d5def0a5a844b343ba1b7cc9cb28fa9,75,12,475,43853
248761839,2022-01-01,13da63d183f1601a3fef5dde465c468f,EDDB,Berlin Brandenburg,DE,LSZH,Zurich,CH,2022-01-01T13:51:00Z,2022-01-01T15:00:45Z,A320,M,2d5def0a5a844b343ba1b7cc9cb28fa9,63,7,365,59844
248764705,2022-01-01,be189f044b994443093864d47bd151d3,EBBR,Brussels,BE,LPFR,Faro,PT,2022-01-01T13:57:00Z,2022-01-01T16:51:06Z,A319,M,bdeeef3a675587d530de70a25d7118d2,164,10,1034,61856.9469934696
248762015,2022-01-01,37dfe36f209d54d03aefaa24e8e9d23e,ENGM,Oslo,NO,ENHD,Haugesund,NO,2022-01-01T17:01:00Z,2022-01-01T17:59:40Z,B737,M,8be5c854fd664bcb97fb543339f74770,42,17,197,49752
248764604,2022-01-01,e558a760d4ef5190aad6da330235c474,LTFM,iGA Istanbul,TR,EGKK,London Gatwick,GB,2022-01-01T12:13:00Z,2022-01-01T16:19:48Z,A21N,M,6351ec1b849adacc0cbb3b1313d8d39b,222,25,1378,77707
248764875,2022-01-01,00f64cf158aaa8e49174ff0a136d0423,LSZH,Zurich,CH,EETN,Tallinn,EE,2022-01-01T16:37:00Z,2022-01-01T19:13:00Z,BCS3,M,2d5def0a5a844b343ba1b7cc9cb28fa9,145,11,967,52877
248751604,2022-01-01,cdfc86738c7b6044a1e9079d3d2ee276,KEWR,Newark,US,ESSA,Stockholm Arlanda,SE,2022-01-01T22:46:00Z,2022-01-02T06:04:41Z,A359,H,8be5c854fd664bcb97fb543339f74770,414,25,3441,203152
248751612,2022-01-01,93ed0a4fb781b62e71c20caa8df1f1a7,KIAD,Washington Dulles,US,LOWW,Vienna,AT,2022-01-01T23:01:00Z,2022-01-02T07:25:01Z,B763,H,5d407cb11cc29578cc3e292e743f5393,484,20,3967,151438
248759776,2022-01-01,ba01523e314bd59a059647c4b8e9e254,EDDK,Cologne/Bonn,DE,LPMA,Madeira,PT,2022-01-01T11:23:00Z,2022-01-01T15:42:42Z,B738,M,e36f387a48050121d2415f3935000bdc,250,10,1527,63816
248755544,2022-01-01,dd1dc4a53afef313c7038437ac3ea671,LSZH,Zurich,CH,LFPG,Paris Charles de Gaulle,FR,2022-01-01T06:56:00Z,2022-01-01T08:08:00Z,A21N,M,2d5def0a5a844b343ba1b7cc9cb28fa9,53,19,284,70756
248765562,2022-01-01,eb1b39555e9e7360d2b42e2a0dd04e7b,LTFM,iGA Istanbul,TR,LFLL,Lyon,FR,2022-01-01T12:27:00Z,2022-01-01T15:47:20Z,A21N,M,6351ec1b849adacc0cbb3b1313d8d39b,175,25,1153,77707
248765572,2022-01-01,b5401b1dccb7d9bb02abb92e3acc34b7,EDDB,Berlin Brandenburg,DE,LTFJ,Istanbul Sabiha Gokcen,TR,2022-01-01T12:42:00Z,2022-01-01T15:13:07Z,B738,M,6351ec1b849adacc0cbb3b1313d8d39b,145,6,1090,64852
248764854,2022-01-01,2732dc88f2615bdd634ed6675a249949,LEAL,Alicante,ES,ESSA,Stockholm Arlanda,SE,2022-01-01T16:06:00Z,2022-01-01T19:42:25Z,A20N,M,8be5c854fd664bcb97fb543339f74770,205,11,1540,66844
248765532,2022-01-01,a04878a0508500b3d86e1676b3ed3186,LOWW,Vienna,AT,LBSF,Sofia,BG,2022-01-01T11:45:00Z,2022-01-01T13:03:23Z,E195,M,5d407cb11cc29578cc3e292e743f5393,68,10,488,36853
248758385,2022-01-01,42b9f518c66018831cfdaca3774a854b,LSZH,Zurich,CH,EGLL,London Heathrow,GB,2022-01-01T18:59:00Z,2022-01-01T20:28:25Z,BCS3,M,2d5def0a5a844b343ba1b7cc9cb28fa9,76,13,439,49866
248754618,2022-01-01,8e03a20824027d63b3072048bc397216,EIDW,Dublin,IE,LEMG,Malaga,ES,2022-01-01T06:54:00Z,2022-01-01T09:56:24Z,A320,M,a73f82288988b79be490c6322f4c32ed,164,18,1040,65836.0579084301
248764634,2022-01-01,c7173edcb430758c6b98b92ad1b85036,LFPG,Paris Charles de Gaulle,FR,EIDW,Dublin,IE,2022-01-01T12:39:00Z,2022-01-01T14:14:03Z,A320,M,a73f82288988b79be490c6322f4c32ed,79,16,459,63179.4145873321
248765246,2022-01-01,450a66982c9762b2915193fb913fcc75,LTFM,iGA Istanbul,TR,LFML,Marseille,FR,2022-01-01T06:31:00Z,2022-01-01T09:50:50Z,B739,M,6351ec1b849adacc0cbb3b1313d8d39b,175,25,1129,74660
248765281,2022-01-01,a9bfab7404926c829a5d5f05c5b166b0,LSGG,Geneva,CH,EBBR,Brussels,BE,2022-01-01T07:14:00Z,2022-01-01T08:24:31Z,A319,M,bdeeef3a675587d530de70a25d7118d2,58,13,331,56813.7222222222
248758811,2022-01-01,8a0110e4f89e73c3e70674d41c6c7895,LSZH,Zurich,CH,LPPT,Lisbon,PT,2022-01-01T11:51:00Z,2022-01-01T14:36:20Z,A320,M,2d5def0a5a844b343ba1b7cc9cb28fa9,154,11,967,62809
248758822,2022-01-01,b319e893b902138c6a3ce10a1f1a5183,LTFM,iGA Istanbul,TR,EGLL,London Heathrow,GB,2022-01-01T11:47:00Z,2022-01-01T15:41:04Z,B77W,H,6351ec1b849adacc0cbb3b1313d8d39b,209,25,1368,240898
248759994,2022-01-01,932f3b71307ca44b1886b374b8bdfa51,EBBR,Brussels,BE,LEMG,Malaga,ES,2022-01-01T15:09:00Z,2022-01-01T17:51:19Z,B738,M,f53c55b5cf0cbb3be755bf50df6fa52d,154,8,968,68834
248759998,2022-01-01,7d1d12bdaff37bb22259af754388e61d,EIKN,Ireland West,IE,EGKK,London Gatwick,GB,2022-01-01T15:02:00Z,2022-01-01T16:16:28Z,A320,M,a73f82288988b79be490c6322f4c32ed,69,5,420,61046.2199782882
248760042,2022-01-01,f021d07c0fb80e2e59f2612fe7a8d687,LEMG,Malaga,ES,LSZH,Zurich,CH,2022-01-01T16:00:00Z,2022-01-01T18:22:04Z,A320,M,2d5def0a5a844b343ba1b7cc9cb28fa9,131,11,916,66809
248758767,2022-01-01,2eb9da6e27788cad96921ee6cff16316,LTFM,iGA Istanbul,TR,LFPG,Paris Charles de Gaulle,FR,2022-01-01T10:51:00Z,2022-01-01T14:24:58Z,A321,M,6351ec1b849adacc0cbb3b1313d8d39b,189,25,1231,79571
248756852,2022-01-01,82f1d027488a541541dba6a8bfaecfab,LTFM,iGA Istanbul,TR,LEMD,Madrid Barajas,ES,2022-01-01T11:53:00Z,2022-01-01T15:54:22Z,A333,H,6351ec1b849adacc0cbb3b1313d8d39b,216,25,1493,175169
248759396,2022-01-01,fe62bdf52d98dfe6a942dc9257f57b6e,KMIA,Miami,US,LEMD,Madrid Barajas,ES,2022-01-01T01:56:00Z,2022-01-01T09:42:01Z,B772,H,5543e4dc327359ffaf5b9c0e6faaf0e1,456,10,3908,177509
248759929,2022-01-01,13ca357d70cfbe704c0b1e47ece3e1a4,EDDH,Hamburg,DE,LOWW,Vienna,AT,2022-01-01T13:59:00Z,2022-01-01T15:19:08Z,A320,M,5d407cb11cc29578cc3e292e743f5393,70,10,462,55818
248758808,2022-01-01,5198412d9fd1fe61ca6685042d391882,LOWW,Vienna,AT,EDDH,Hamburg,DE,2022-01-01T11:35:00Z,2022-01-01T13:03:22Z,A320,M,5d407cb11cc29578cc3e292e743f5393,75,13,438,55791
248754598,2022-01-01,f456107fb29ebf759c4ab56c01ecb516,LTFM,iGA Istanbul,TR,EDDS,Stuttgart,DE,2022-01-01T06:09:00Z,2022-01-01T09:10:34Z,A321,M,6351ec1b849adacc0cbb3b1313d8d39b,157,25,988,76571
248765120,2022-01-01,72187f2d69f267845e6ea8d5337ce516,LTFM,iGA Istanbul,TR,LTAC,Ankara,TR,2022-01-01T22:40:00Z,2022-01-01T23:48:00Z,B38M,M,6351ec1b849adacc0cbb3b1313d8d39b,43,25,276,59715
248757924,2022-01-01,d0699490a3b67dc23e1908846c5cfeda,LTFM,iGA Istanbul,TR,KIAD,Washington Dulles,US,2022-01-01T13:07:00Z,2022-01-02T00:28:51Z,B77W,H,6351ec1b849adacc0cbb3b1313d8d39b,657,25,4655,336898
248758517,2022-01-01,bf41ecbc63e876380a3887799b62e213,LOWW,Vienna,AT,LGAV,Athens,GR,2022-01-01T21:05:00Z,2022-01-01T22:58:56Z,A320,M,5d407cb11cc29578cc3e292e743f5393,101,13,721,61791
248765956,2022-01-01,e0bfaa97f330e9f0337bde9b57e92e74,LTFJ,Istanbul Sabiha Gokcen,TR,EDDV,Hanover,DE,2022-01-01T19:53:00Z,2022-01-01T23:10:28Z,B738,M,6351ec1b849adacc0cbb3b1313d8d39b,182,15,1119,70770
248757892,2022-01-01,8324e5e56833e93c92631814130ff5d9,LTFM,iGA Istanbul,TR,EKCH,Copenhagen,DK,2022-01-01T12:19:00Z,2022-01-01T15:56:06Z,B738,M,6351ec1b849adacc0cbb3b1313d8d39b,192,25,1111,66678
248757902,2022-01-01,55cd09b4d8545c19bed4a4ba97741a7c,LOWW,Vienna,AT,LTFJ,Istanbul Sabiha Gokcen,TR,2022-01-01T13:02:00Z,2022-01-01T15:06:00Z,B738,M,6351ec1b849adacc0cbb3b1313d8d39b,111,13,808,67788
248758351,2022-01-01,b4751843ba6f224690c82789628fcc66,EDDH,Hamburg,DE,EBBR,Brussels,BE,2022-01-01T06:15:00Z,2022-01-01T07:19:58Z,A319,M,bdeeef3a675587d530de70a25d7118d2,56,9,281,56115.4317167862
248758353,2022-01-01,b523743ce71ec11ddca81bc64283a734,LOWW,Vienna,AT,EBBR,Brussels,BE,2022-01-01T06:10:00Z,2022-01-01T07:47:20Z,E195,M,5d407cb11cc29578cc3e292e743f5393,87,10,507,38853
248758357,2022-01-01,31bd6c0672edff521155537a50c01ff5,LSZH,Zurich,CH,LIRF,Rome Fiumicino,IT,2022-01-01T06:24:00Z,2022-01-01T07:49:40Z,A321,M,2d5def0a5a844b343ba1b7cc9cb28fa9,66,20,417,56633
248765231,2022-01-01,cc0d542fcaf13933a03f402d2b7670f1,LSZH,Zurich,CH,EDDB,Berlin Brandenburg,DE,2022-01-01T06:10:00Z,2022-01-01T07:36:02Z,A320,M,2d5def0a5a844b343ba1b7cc9cb28fa9,67,19,387,49739
248765233,2022-01-01,a08e3bfe1942aa14f9a19c4da321906f,LTFM,iGA Istanbul,TR,LIRF,Rome Fiumicino,IT,2022-01-01T06:15:00Z,2022-01-01T08:50:04Z,B738,M,6351ec1b849adacc0cbb3b1313d8d39b,130,25,814,59678
248762326,2022-01-01,1b8c49b90ac176b66b0fc530e4fc32bb,EBBR,Brussels,BE,LSGG,Geneva,CH,2022-01-01T05:24:00Z,2022-01-01T06:26:23Z,A319,M,bdeeef3a675587d530de70a25d7118d2,50,12,314,56813.7222222222
248766045,2022-01-01,6d0691b0c47bb84732a535b0fb11f6f3,LLBG,Tel Aviv,IL,KJFK,New York JFK,US,2022-01-01T22:32:00Z,2022-01-02T10:34:30Z,B772,H,5543e4dc327359ffaf5b9c0e6faaf0e1,708,15,4991,183396
248760278,2022-01-01,98cdad3b7bc2b6dca1d00c539496977d,LLBG,Tel Aviv,IL,KMIA,Miami,US,2022-01-01T21:03:00Z,2022-01-02T10:18:58Z,B772,H,5543e4dc327359ffaf5b9c0e6faaf0e1,781,15,5833,177396
248759830,2022-01-01,b02183d90814032ce662e38f30f50cad,EGLL,London Heathrow,GB,EIDW,Dublin,IE,2022-01-01T12:04:00Z,2022-01-01T13:10:35Z,A320,M,a73f82288988b79be490c6322f4c32ed,53,14,255,53783
248760330,2022-01-01,02b3a6f31a260728a1fba8a71ceedb44,KMIA,Miami,US,LSZH,Zurich,CH,2022-01-01T00:59:00Z,2022-01-01T09:20:26Z,B77W,H,2d5def0a5a844b343ba1b7cc9cb28fa9,491,10,4346,281327
248760336,2022-01-01,874348ba49bf1966320b9c5f98c58a18,LTAC,Ankara,TR,LTFM,iGA Istanbul,TR,2022-01-01T01:21:00Z,2022-01-01T02:09:00Z,A320,M,6351ec1b849adacc0cbb3b1313d8d39b,43,5,247,63861
248759702,2022-01-01,bad88e3d75087a82c6b03bb39427526b,EIDW,Dublin,IE,EHAM,Amsterdam,NL,2022-01-01T10:14:00Z,2022-01-01T11:34:45Z,A320,M,a73f82288988b79be490c6322f4c32ed,66,15,422,61046.2199782882
248758929,2022-01-01,e7cc7f339dcd09a424a64c70fdcd9b88,LTFM,iGA Istanbul,TR,EDDM,Munich,DE,2022-01-01T13:12:00Z,2022-01-01T15:53:00Z,A332,H,6351ec1b849adacc0cbb3b1313d8d39b,136,25,856,172169
248761019,2022-01-01,4f1c04b688a7cd15c33904a1b3bf604e,LTFJ,Istanbul Sabiha Gokcen,TR,LTAC,Ankara,TR,2022-01-01T16:37:00Z,2022-01-01T17:34:00Z,B738,M,6351ec1b849adacc0cbb3b1313d8d39b,42,15,195,56770
248761024,2022-01-01,9d40082002d8c48b7505ed36bd83eadf,EKCH,Copenhagen,DK,LTFM,iGA Istanbul,TR,2022-01-01T16:54:00Z,2022-01-01T19:26:00Z,B738,M,6351ec1b849adacc0cbb3b1313d8d39b,139,13,1094,62788
248760881,2022-01-01,7436b671e82ebeee4c9196e318f71dda,EGLL,London Heathrow,GB,EINN,Shannon,IE,2022-01-01T14:20:00Z,2022-01-01T15:35:08Z,A21N,M,a73f82288988b79be490c6322f4c32ed,62,13,330,62806
248751142,2022-01-01,b00a9ced771c0c0c9d1e74bcc0732ce1,EPGD,Gdansk,PL,ENGM,Oslo,NO,2022-01-01T13:36:00Z,2022-01-01T15:09:04Z,A319,M,8be5c854fd664bcb97fb543339f74770,83,10,451,50846
248761051,2022-01-01,42de513727dda46ca670d61e6d06b3b4,EGLL,London Heathrow,GB,LSGG,Geneva,CH,2022-01-01T17:30:00Z,2022-01-01T18:52:31Z,BCS1,M,2d5def0a5a844b343ba1b7cc9cb28fa9,74,9,451,44873
248760913,2022-01-01,0b4b611d5971565d4fe591c3058f4f36,EGLL,London Heathrow,GB,EGAC,Belfast City,GB,2022-01-01T14:48:00Z,2022-01-01T15:54:00Z,A320,M,a73f82288988b79be490c6322f4c32ed,51,15,294,52774
248759484,2022-01-01,98909db23495b934ed51540981caf46a,LSZH,Zurich,CH,LOWW,Vienna,AT,2022-01-01T06:09:00Z,2022-01-01T07:18:15Z,A20N,M,2d5def0a5a844b343ba1b7cc9cb28fa9,59,10,387,51851
248757577,2022-01-01,52e9b4e49bdef0f00bb7fc0ca35e5a4d,LTFJ,Istanbul Sabiha Gokcen,TR,EGSS,London Stansted,GB,2022-01-01T07:29:40Z,2022-01-01T11:27:04Z,B738,M,6351ec1b849adacc0cbb3b1313d8d39b,216,21,1392,69715
248757596,2022-01-01,c20c800b21de55504cacd14e6db91433,EKCH,Copenhagen,DK,ENGM,Oslo,NO,2022-01-01T08:00:00Z,2022-01-01T09:06:43Z,CRJ9,M,8be5c854fd664bcb97fb543339f74770,56,11,287,30886
248758247,2022-01-01,c4202171480d390f6e725be74ab731f4,LTFM,iGA Istanbul,TR,LKPR,Prague,CZ,2022-01-01T05:04:00Z,2022-01-01T07:47:18Z,A21N,M,6351ec1b849adacc0cbb3b1313d8d39b,138,25,821,70707
248758248,2022-01-01,70e352228bebf8bd7aa44474ef9fe8e7,LTFM,iGA Istanbul,TR,KLAX,Los Angeles,US,2022-01-01T05:06:00Z,2022-01-01T19:19:18Z,B789,H,6351ec1b849adacc0cbb3b1313d8d39b,828,25,6246,249368
248754665,2022-01-01,1986b3db3b7e306f584b56b359e168e4,LTFJ,Istanbul Sabiha Gokcen,TR,EDDL,Dusseldorf,DE,2022-01-01T07:34:00Z,2022-01-01T10:59:30Z,B738,M,6351ec1b849adacc0cbb3b1313d8d39b,185,21,1138,71715
248758425,2022-01-01,59cce2ec302126e6cc28ad69859630b3,LOWW,Vienna,AT,EDDH,Hamburg,DE,2022-01-01T19:41:00Z,2022-01-01T21:09:23Z,E195,M,5d407cb11cc29578cc3e292e743f5393,78,10,458,41853
248758433,2022-01-01,5dcc951ecc117066ba8c311a771a91d1,ENGM,Oslo,NO,EKCH,Copenhagen,DK,2022-01-01T06:51:00Z,2022-01-01T08:04:39Z,CRJ9,M,8be5c854fd664bcb97fb543339f74770,46,28,305,29795
248757757,2022-01-01,c2a2a8c462f26d4e3338fad125d86d1d,LTFM,iGA Istanbul,TR,KSFO,San Francisco,US,2022-01-01T10:47:00Z,2022-01-02T00:21:20Z,B789,H,6351ec1b849adacc0cbb3b1313d8d39b,789,25,5956,237368
248757492,2022-01-01,d4b674d9ea2ea46793f6f572198c9645,LTFM,iGA Istanbul,TR,ENGM,Oslo,NO,2022-01-01T05:43:00Z,2022-01-01T09:48:36Z,A333,H,6351ec1b849adacc0cbb3b1313d8d39b,221,25,1356,187169
248758297,2022-01-01,f05fb39ef4e0b6d048a3a88c98d65062,LTFM,iGA Istanbul,TR,ESSA,Stockholm Arlanda,SE,2022-01-01T17:50:00Z,2022-01-01T21:43:12Z,A21N,M,6351ec1b849adacc0cbb3b1313d8d39b,208,25,1261,75707
248756807,2022-01-01,605e67952904b5dd7b60cda57f7a08f9,LTCJ,Batman,TR,LTAC,Ankara,TR,2022-01-01T11:04:00Z,2022-01-01T12:23:00Z,B738,M,6351ec1b849adacc0cbb3b1313d8d39b,69,10,412,58816
248759896,2022-01-01,f9fb9add78a318dd1c0101b85b264afa,EKCH,Copenhagen,DK,LSGG,Geneva,CH,2022-01-01T13:41:00Z,2022-01-01T15:26:01Z,A20N,M,8be5c854fd664bcb97fb543339f74770,95,10,627,60851
248759901,2022-01-01,70ba4a6c2d46fcd84c00a7a226bf0eb4,LFSB,Basel/Mulhouse,FR,LTFJ,Istanbul Sabiha Gokcen,TR,2022-01-01T13:46:00Z,2022-01-01T16:24:00Z,B738,M,6351ec1b849adacc0cbb3b1313d8d39b,151,7,1065,62843
248761438,2022-01-01,6392c55b423d309cd037370a5b4c2e2a,ENGM,Oslo,NO,ENCN,Kristiansand Kjevik,NO,2022-01-01T07:32:00Z,2022-01-01T08:37:08Z,B737,M,8be5c854fd664bcb97fb543339f74770,32,33,163,45605
248758227,2022-01-01,435a7cc5cc8f95511c372f29cd3bb4a7,ENGM,Oslo,NO,ENBR,Bergen,NO,2022-01-01T17:40:08Z,2022-01-01T18:47:15Z,CRJ9,M,8be5c854fd664bcb97fb543339f74770,42,25,198,31811
248756816,2022-01-01,ba11b2802c611b060e5d4e965de67292,LSZH,Zurich,CH,LEBL,Barcelona,ES,2022-01-01T11:31:00Z,2022-01-01T12:56:22Z,A321,M,2d5def0a5a844b343ba1b7cc9cb28fa9,76,9,483,65768
248759244,2022-01-01,2dffc4dc913a5d6010ac8efb2cea8cfc,LSGG,Geneva,CH,LOWW,Vienna,AT,2022-01-01T19:01:00Z,2022-01-01T20:26:41Z,A320,M,5d407cb11cc29578cc3e292e743f5393,73,13,474,50791
248758242,2022-01-01,88c3030cb99aed413e1647b947ce73a7,LTFM,iGA Istanbul,TR,LEMD,Madrid Barajas,ES,2022-01-01T04:49:00Z,2022-01-01T09:00:39Z,A333,H,6351ec1b849adacc0cbb3b1313d8d39b,227,25,1535,178169
248756147,2022-01-01,57bb7fe59633c16043be8aa4f8a0c1c4,EIDW,Dublin,IE,LPFR,Faro,PT,2022-01-01T16:07:00Z,2022-01-01T19:07:54Z,A320,M,a73f82288988b79be490c6322f4c32ed,166,15,1025,65836.0579084301
248757588,2022-01-01,72a0cd19c65930b646259efb6f43b1f2,ESSA,Stockholm Arlanda,SE,EGCC,Manchester,GB,2022-01-01T07:53:44Z,2022-01-01T10:08:08Z,B788,H,4fea233a1f67230add909d3e8fc8e230,123,11,778,128615
248753137,2022-01-01,176204c9458420077cdf94314c42e182,EKCH,Copenhagen,DK,EGLL,London Heathrow,GB,2022-01-01T14:13:00Z,2022-01-01T16:02:30Z,A20N,M,1332254e11e92b4ac6410613b2e86787,99,11,544,56844
248753139,2022-01-01,84fbf9b2e3d506c467f55dc9734b70fd,EHAM,Amsterdam,NL,LSZH,Zurich,CH,2022-01-01T14:10:00Z,2022-01-01T15:23:42Z,A20N,M,2d5def0a5a844b343ba1b7cc9cb28fa9,64,10,377,60851
248756955,2022-01-01,e8af52e1ad8cb5c1bb3f31aafb245949,EDDL,Dusseldorf,DE,LTFM,iGA Istanbul,TR,2022-01-01T13:17:00Z,2022-01-01T16:01:00Z,A321,M,6351ec1b849adacc0cbb3b1313d8d39b,151,13,1145,72719
248756956,2022-01-01,c0356e0025915b62101ad05782b673b1,ENGM,Oslo,NO,ENCN,Kristiansand Kjevik,NO,2022-01-01T13:22:17Z,2022-01-01T14:20:38Z,A20N,M,8be5c854fd664bcb97fb543339f74770,36,22,184,50760
248757647,2022-01-01,985eb714166db9cf5292c488e3528b41,LTFM,iGA Istanbul,TR,LTAC,Ankara,TR,2022-01-01T08:54:00Z,2022-01-01T10:04:00Z,A21N,M,6351ec1b849adacc0cbb3b1313d8d39b,45,25,268,66707
248754609,2022-01-01,60a41cc67790bb37bf73013577867338,EIDW,Dublin,IE,EDDM,Munich,DE,2022-01-01T06:25:40Z,2022-01-01T08:38:12Z,A320,M,a73f82288988b79be490c6322f4c32ed,115,18,800,64360.9608482871
248757931,2022-01-01,6747e2cf0315ae40089434d1bbee9f76,EIDW,Dublin,IE,KEWR,Newark,US,2022-01-01T13:16:34Z,2022-01-01T20:36:14Z,A21N,M,a73f82288988b79be490c6322f4c32ed,426,14,2820,74291
248753902,2022-01-01,cd242bb401c1be2221e172c3890725c5,LTFM,iGA Istanbul,TR,LTAC,Ankara,TR,2022-01-01T10:53:00Z,2022-01-01T12:03:00Z,A320,M,6351ec1b849adacc0cbb3b1313d8d39b,45,25,255,58687
248754624,2022-01-01,d2f1c6b51f380912fb540281425b4acf,UKBB,Kyiv Boryspil,UA,EDDS,Stuttgart,DE,2022-01-01T06:50:00Z,2022-01-01T10:16:00Z,BCS3,M,2d5def0a5a844b343ba1b7cc9cb28fa9,194,12,1066,56871
248758536,2022-01-01,70925ed0f34f08f05d32413f44edfb88,EDDF,Frankfurt,DE,LSZH,Zurich,CH,2022-01-01T07:52:00Z,2022-01-01T08:32:46Z,A321,M,2d5def0a5a844b343ba1b7cc9cb28fa9,33,8,159,59781
248764489,2022-01-01,9b675828dd732470baaa53bf9a48f571,LIPE,Bologna,IT,LTFM,iGA Istanbul,TR,2022-01-01T09:51:00Z,2022-01-01T12:30:00Z,B739,M,6351ec1b849adacc0cbb3b1313d8d39b,122,37,823,59546
248752494,2022-01-01,36dae817e539ac09d3667824b2735317,EGLL,London Heathrow,GB,LSGG,Geneva,CH,2022-01-01T19:22:00Z,2022-01-01T20:41:31Z,BCS3,M,2d5def0a5a844b343ba1b7cc9cb28fa9,71,9,463,46889
248752500,2022-01-01,6cb32ec356a2f9893902b8461069018c,ENGM,Oslo,NO,ENBR,Bergen,NO,2022-01-01T19:54:00Z,2022-01-01T20:58:26Z,A20N,M,8be5c854fd664bcb97fb543339f74770,41,23,197,59752
248756928,2022-01-01,830d327aff4e6fdb9cc4733f2e7c2aec,EDDH,Hamburg,DE,LTFM,iGA Istanbul,TR,2022-01-01T12:52:00Z,2022-01-01T15:28:00Z,A21N,M,6351ec1b849adacc0cbb3b1313d8d39b,147,9,1116,67839
248756940,2022-01-01,5b0eeb5302c74ad4f9e1b1ff04445d1f,LPPR,Porto,PT,EBBR,Brussels,BE,2022-01-01T13:09:00Z,2022-01-01T15:12:37Z,A320,M,bdeeef3a675587d530de70a25d7118d2,112,12,834,64427.2362937197
248751161,2022-01-01,7ab13b9a77d4f6ded2d052cdd291e327,EDDH,Hamburg,DE,LSZH,Zurich,CH,2022-01-01T13:54:00Z,2022-01-01T15:05:58Z,A320,M,2d5def0a5a844b343ba1b7cc9cb28fa9,63,9,381,62826
248758964,2022-01-01,6f01b954834761639d3852aaa37106fb,EGCC,Manchester,GB,EIDW,Dublin,IE,2022-01-01T13:53:00Z,2022-01-01T14:47:37Z,A320,M,a73f82288988b79be490c6322f4c32ed,40,15,154,52774
248758970,2022-01-01,384d2df17e85965836be49e302805e85,LFMN,Nice,FR,LOWW,Vienna,AT,2022-01-01T14:06:00Z,2022-01-01T15:36:18Z,E195,M,5d407cb11cc29578cc3e292e743f5393,82,8,516,39868
248761588,2022-01-01,dc1456906fc9cb9a49992034a7d60909,LPPR,Porto,PT,LSZH,Zurich,CH,2022-01-01T10:05:00Z,2022-01-01T12:22:45Z,A320,M,2d5def0a5a844b343ba1b7cc9cb28fa9,126,12,875,64800
248758867,2022-01-01,c45e029448b9f5a66189130aa1687383,LSZH,Zurich,CH,KMIA,Miami,US,2022-01-01T12:24:00Z,2022-01-01T22:22:44Z,B77W,H,2d5def0a5a844b343ba1b7cc9cb28fa9,587,12,4399,288270
248761487,2022-01-01,34600c82f08917c88eb659ddb040ac30,EBBR,Brussels,BE,LEMD,Madrid Barajas,ES,2022-01-01T08:25:00Z,2022-01-01T10:38:33Z,A320,M,bdeeef3a675587d530de70a25d7118d2,124,10,787,56902
248761491,2022-01-01,1b060096aa60bc883c6cc15cf300bff8,EBBR,Brussels,BE,ESGG,Gothenburg,SE,2022-01-01T08:34:00Z,2022-01-01T09:59:43Z,A319,M,bdeeef3a675587d530de70a25d7118d2,76,10,514,58244.2172181094
248761493,2022-01-01,b0e78213415d5b2699c2de91ded85003,ESSA,Stockholm Arlanda,SE,LPMA,Madeira,PT,2022-01-01T08:40:42Z,2022-01-01T14:27:00Z,A20N,M,8be5c854fd664bcb97fb543339f74770,331,15,2187,68813
248759448,2022-01-01,1b1bad3ea493eb908a5a6bcec82b3a0e,LTFM,iGA Istanbul,TR,LEMG,Malaga,ES,2022-01-01T06:20:00Z,2022-01-01T10:57:45Z,A21N,M,6351ec1b849adacc0cbb3b1313d8d39b,253,25,1664,70707
248758910,2022-01-01,c2ff634e6dd5f5790c898be8f03d8c19,EDDM,Munich,DE,LTFJ,Istanbul Sabiha Gokcen,TR,2022-01-01T13:07:00Z,2022-01-01T15:40:00Z,B738,M,6351ec1b849adacc0cbb3b1313d8d39b,140,13,994,69788
248761498,2022-01-01,e035c71f5f7766f8dec22cb92eabe72c,LFPG,Paris Charles de Gaulle,FR,KJFK,New York JFK,US,2022-01-01T09:01:00Z,2022-01-01T16:46:30Z,B772,H,5543e4dc327359ffaf5b9c0e6faaf0e1,452,14,3255,181418
248761505,2022-01-01,923fd0b839ffb28db039ea87b488097c,LTFM,iGA Istanbul,TR,EKCH,Copenhagen,DK,2022-01-01T08:35:00Z,2022-01-01T12:05:47Z,B739,M,6351ec1b849adacc0cbb3b1313d8d39b,186,25,1107,62660
248759150,2022-01-01,407e5ac5ed9deec2411d34341bc936eb,LTAC,Ankara,TR,LTFJ,Istanbul Sabiha Gokcen,TR,2022-01-01T17:08:00Z,2022-01-01T17:54:00Z,B738,M,6351ec1b849adacc0cbb3b1313d8d39b,41,5,218,55862
248759153,2022-01-01,97d392996b96ddcc80ee7b31f22ed777,EGKK,London Gatwick,GB,EIDW,Dublin,IE,2022-01-01T16:55:00Z,2022-01-01T18:07:44Z,A320,M,a73f82288988b79be490c6322f4c32ed,53,20,268,49730
248759458,2022-01-01,f66dfc599060a5c7c9da83c2869b2ba7,LTFM,iGA Istanbul,TR,EDDL,Dusseldorf,DE,2022-01-01T05:23:00Z,2022-01-01T08:49:58Z,A332,H,6351ec1b849adacc0cbb3b1313d8d39b,182,25,1147,170169
248761265,2022-01-01,6796c43e008be42e2ec17d8922d6fab9,KJFK,New York JFK,US,LOWW,Vienna,AT,2022-01-01T22:46:00Z,2022-01-02T07:01:11Z,B763,H,5d407cb11cc29578cc3e292e743f5393,460,35,3765,159179
248756161,2022-01-01,4a4668fa610a8cb26ffea5e1ab11c43f,LOWW,Vienna,AT,EBBR,Brussels,BE,2022-01-01T16:27:00Z,2022-01-01T18:08:10Z,A320,M,5d407cb11cc29578cc3e292e743f5393,88,13,507,63791
248761355,2022-01-01,6c5eef4a2c51d8ff9f9e546f6073b6a5,LTFM,iGA Istanbul,TR,EGBB,Birmingham,GB,2022-01-01T06:08:00Z,2022-01-01T10:22:13Z,A21N,M,6351ec1b849adacc0cbb3b1313d8d39b,229,25,1455,80707
248758064,2022-01-01,5401baa9c4aff8653447b80c3e4eda22,LPPT,Lisbon,PT,LSZH,Zurich,CH,2022-01-01T15:33:00Z,2022-01-01T17:59:34Z,A320,M,2d5def0a5a844b343ba1b7cc9cb28fa9,137,10,973,63818
248760085,2022-01-01,3aab01eda09a0366a1cd5fed1d62c38d,LSZH,Zurich,CH,LOWW,Vienna,AT,2022-01-01T16:40:00Z,2022-01-01T17:47:17Z,A320,M,2d5def0a5a844b343ba1b7cc9cb28fa9,58,9,363,53826
248758080,2022-01-01,736c0a040fcda87d7bb3b11c19061cda,EIDW,Dublin,IE,KBOS,Boston,US,2022-01-01T15:31:00Z,2022-01-01T22:10:11Z,A21N,M,a73f82288988b79be490c6322f4c32ed,385,14,2612,82836.884057971
248764185,2022-01-01,f8a45004db30d30675116908c19b54da,KORD,Chicago O'Hare,US,LSZH,Zurich,CH,2022-01-01T01:23:00Z,2022-01-01T09:51:24Z,B77W,H,2d5def0a5a844b343ba1b7cc9cb28fa9,483,25,4206,284898
248758101,2022-01-01,b9e7e1d7e2e685648c4136e6da86c5ae,EKCH,Copenhagen,DK,LIMC,Milan Malpensa,IT,2022-01-01T16:07:00Z,2022-01-01T18:00:10Z,A20N,M,8be5c854fd664bcb97fb543339f74770,103,10,681,54851
248760757,2022-01-01,2400bbaf93f2f3ac6694d80e0cd1b466,LTFM,iGA Istanbul,TR,KMIA,Miami,US,2022-01-01T12:16:00Z,2022-01-02T00:37:21Z,B77W,H,6351ec1b849adacc0cbb3b1313d8d39b,716,25,5297,318898
248759355,2022-01-01,ad7072facded8abc0eb355d8f0f2dd0c,KORD,Chicago O'Hare,US,EIDW,Dublin,IE,2022-01-01T23:15:00Z,2022-01-02T06:04:02Z,A333,H,a73f82288988b79be490c6322f4c32ed,384,25,3268,217164.836633663
248759210,2022-01-01,4d484ba861fb9c11c0e6f1d5560045d1,LSGG,Geneva,CH,EDDF,Frankfurt,DE,2022-01-01T18:10:00Z,2022-01-01T19:23:39Z,BCS3,M,2d5def0a5a844b343ba1b7cc9cb28fa9,61,13,332,45866
248759211,2022-01-01,7be0c78bf00227184d8b20566296490b,KJFK,New York JFK,US,LTFM,iGA Istanbul,TR,2022-01-01T18:00:00Z,2022-01-02T03:23:00Z,B77W,H,6351ec1b849adacc0cbb3b1313d8d39b,528,35,4466,279611
248760029,2022-01-01,1c127532f8945140ba717ba46310cf2a,EHAM,Amsterdam,NL,LTFJ,Istanbul Sabiha Gokcen,TR,2022-01-01T15:54:00Z,2022-01-01T18:53:00Z,B738,M,6351ec1b849adacc0cbb3b1313d8d39b,168,11,1271,68807
248754468,2022-01-01,3aef017f157ba7a713283b6936485499,KJFK,New York JFK,US,EIDW,Dublin,IE,2022-01-01T21:57:00Z,2022-01-02T04:19:28Z,A333,H,a73f82288988b79be490c6322f4c32ed,347,35,2852,206836.99669967
248756399,2022-01-01,118eb2819bd091a44aa404b5443ed7aa,KIAD,Washington Dulles,US,EKCH,Copenhagen,DK,2022-01-01T22:10:00Z,2022-01-02T05:49:55Z,A333,H,8be5c854fd664bcb97fb543339f74770,440,20,3621,189283
248757194,2022-01-01,3657debfc907054d2ae84101f7714e00,EKCH,Copenhagen,DK,LFPG,Paris Charles de Gaulle,FR,2022-01-01T17:11:00Z,2022-01-01T18:58:24Z,A20N,M,8be5c854fd664bcb97fb543339f74770,97,10,550,60851
248756495,2022-01-01,6ffe99aecd74e6d32e2122d7b3a36191,EBAW,Antwerp,BE,LEMI,Region de Murcia,ES,2022-01-01T05:43:00Z,2022-01-01T07:59:30Z,E190,M,f53c55b5cf0cbb3be755bf50df6fa52d,132,5,866,44944
248756991,2022-01-01,3c0b6cffa6a757fc781dedbbca691d9e,EKCH,Copenhagen,DK,LSZH,Zurich,CH,2022-01-01T13:54:00Z,2022-01-01T15:32:55Z,A320,M,2d5def0a5a844b343ba1b7cc9cb28fa9,89,10,523,56818
248756995,2022-01-01,86f53694c2e5be5c7646f0044bf7fd70,ESSA,Stockholm Arlanda,SE,ESPA,Lulea,SE,2022-01-01T13:59:00Z,2022-01-01T15:23:59Z,A20N,M,8be5c854fd664bcb97fb543339f74770,70,15,379,62813
248758628,2022-01-01,823141fa6981574c7ebaf4685b7e84c1,EKCH,Copenhagen,DK,LOWS,Salzburg,AT,2022-01-01T09:22:00Z,2022-01-01T10:43:55Z,A20N,M,8be5c854fd664bcb97fb543339f74770,73,9,482,56859
248757124,2022-01-01,3a93cefb66b186b299b11594d985ce1a,LTFM,iGA Istanbul,TR,KEWR,Newark,US,2022-01-01T16:27:00Z,2022-01-02T03:31:17Z,A359,H,6351ec1b849adacc0cbb3b1313d8d39b,639,25,4683,247152
248757817,2022-01-01,06029d0ef989c6d5e963fb9424376999,EIDW,Dublin,IE,KORD,Chicago O'Hare,US,2022-01-01T11:37:00Z,2022-01-01T19:41:15Z,A333,H,a73f82288988b79be490c6322f4c32ed,470,14,3297,217164.836633663
248757823,2022-01-01,8a07f134e50f7d7b3e43fdbe56a9392d,ENGM,Oslo,NO,EPGD,Gdansk,PL,2022-01-01T11:39:00Z,2022-01-01T13:04:00Z,A319,M,8be5c854fd664bcb97fb543339f74770,65,20,461,46767
248756403,2022-01-01,8b5546f4f31b363e4e92713c61244ab1,KIAD,Washington Dulles,US,EIDW,Dublin,IE,2022-01-01T22:26:00Z,2022-01-02T05:05:07Z,A21N,M,a73f82288988b79be490c6322f4c32ed,379,20,3056,89919.4177018634
248756425,2022-01-01,fe62bdf52d98dfe6a942dc9257f57b6e,KMIA,Miami,US,LEMD,Madrid Barajas,ES,2022-01-01T23:50:00Z,2022-01-02T07:47:48Z,B772,H,5543e4dc327359ffaf5b9c0e6faaf0e1,468,10,3912,178509
248756434,2022-01-01,0358372f9664a15cbaa9b1d7e65c4100,KJFK,New York JFK,US,EGLL,London Heathrow,GB,2022-01-01T01:27:00Z,2022-01-01T08:12:20Z,B77W,H,5543e4dc327359ffaf5b9c0e6faaf0e1,370,35,3141,216611
248757715,2022-01-01,e7a5a2ab9819ec52e1e7229c8990955d,LTFJ,Istanbul Sabiha Gokcen,TR,EKCH,Copenhagen,DK,2022-01-01T10:11:00Z,2022-01-01T13:59:18Z,B738,M,6351ec1b849adacc0cbb3b1313d8d39b,213,15,1224,69770
248756541,2022-01-01,7eb223685d7639f8efd513d59fa49f76,LTFM,iGA Istanbul,TR,EETN,Tallinn,EE,2022-01-01T06:24:00Z,2022-01-01T10:07:00Z,B738,M,6351ec1b849adacc0cbb3b1313d8d39b,198,25,1216,59678
248758566,2022-01-01,5f4b0e2c544aa595b94d2e287b326f2c,EKCH,Copenhagen,DK,KMIA,Miami,US,2022-01-01T08:39:00Z,2022-01-01T19:03:03Z,A333,H,8be5c854fd664bcb97fb543339f74770,611,13,4355,208441
248758145,2022-01-01,be0686c8e9be002ac8a277aaba5b65e7,EDDK,Cologne/Bonn,DE,LTFJ,Istanbul Sabiha Gokcen,TR,2022-01-01T00:22:00Z,2022-01-01T03:17:15Z,B738,M,6351ec1b849adacc0cbb3b1313d8d39b,153,22,1165,67706
248763504,2022-01-01,39fdfa5b78bd4a1045a773716eaf1e40,EBBR,Brussels,BE,LPPR,Porto,PT,2022-01-01T09:38:00Z,2022-01-01T12:03:17Z,A320,M,bdeeef3a675587d530de70a25d7118d2,136,9,809,64427.2362937197
248763509,2022-01-01,41dc56229e3887640f9de000fdf17223,LTFM,iGA Istanbul,TR,LIMC,Milan Malpensa,IT,2022-01-01T09:28:00Z,2022-01-01T12:20:18Z,B738,M,6351ec1b849adacc0cbb3b1313d8d39b,147,25,959,57678
248763492,2022-01-01,40bfd74d72557f416e9f1d06b412b043,LSGG,Geneva,CH,LSZH,Zurich,CH,2022-01-01T09:10:00Z,2022-01-01T10:02:38Z,A320,M,2d5def0a5a844b343ba1b7cc9cb28fa9,40,13,158,59791
248759303,2022-01-01,a31ae8ea0d6e175b85a1a05e9dca1ff2,KSFO,San Francisco,US,LTFM,iGA Istanbul,TR,2022-01-01T20:53:00Z,2022-01-02T09:39:00Z,B789,H,6351ec1b849adacc0cbb3b1313d8d39b,756,10,6025,206632
248764161,2022-01-01,cd6e83a3523d9532b43c3e05c333f048,ESSA,Stockholm Arlanda,SE,LTFM,iGA Istanbul,TR,2022-01-01T22:43:00Z,2022-01-02T01:48:00Z,A21N,M,6351ec1b849adacc0cbb3b1313d8d39b,170,15,1287,70790
248761557,2022-01-01,b41ee757ea3e7882d300b1e19a6390b2,ENGM,Oslo,NO,EKCH,Copenhagen,DK,2022-01-01T09:31:25Z,2022-01-01T10:41:50Z,A320,M,8be5c854fd664bcb97fb543339f74770,50,20,296,57730
248759654,2022-01-01,f4dd70428a974d652f42adef20579bec,EDDM,Munich,DE,KCLT,Charlotte,US,2022-01-01T09:22:00Z,2022-01-01T19:02:25Z,B772,H,5543e4dc327359ffaf5b9c0e6faaf0e1,565,15,4043,188396
248759659,2022-01-01,f2882e066fe57669da3912f008751e40,EBBR,Brussels,BE,LIPZ,Venice,IT,2022-01-01T09:31:00Z,2022-01-01T10:56:42Z,A319,M,bdeeef3a675587d530de70a25d7118d2,76,10,490,57934
248760851,2022-01-01,e37372040ebdc3e2051cc9b3ee4b9ea4,LSGG,Geneva,CH,LOWW,Vienna,AT,2022-01-01T13:54:00Z,2022-01-01T15:21:48Z,E195,M,5d407cb11cc29578cc3e292e743f5393,75,13,481,37831
248760857,2022-01-01,ae8f0d4eaaefcb235efa2fe7f747e3c2,LFLL,Lyon,FR,EIDW,Dublin,IE,2022-01-01T14:05:00Z,2022-01-01T16:00:04Z,A320,M,a73f82288988b79be490c6322f4c32ed,106,9,671,63817.0853629665
248758900,2022-01-01,b6578825a835621059221c9b79009765,EBBR,Brussels,BE,LTFJ,Istanbul Sabiha Gokcen,TR,2022-01-01T12:53:00Z,2022-01-01T16:00:00Z,B738,M,6351ec1b849adacc0cbb3b1313d8d39b,178,9,1283,67825
248761013,2022-01-01,9d0b6f9871b30c6715f20640c86d6c3e,LOWW,Vienna,AT,EDDH,Hamburg,DE,2022-01-01T16:44:00Z,2022-01-01T18:14:13Z,A320,M,5d407cb11cc29578cc3e292e743f5393,77,13,453,60791
248761561,2022-01-01,d5717109411eec2b0fcf796d45d9f008,LEMG,Malaga,ES,EKCH,Copenhagen,DK,2022-01-01T10:02:00Z,2022-01-01T13:28:14Z,A20N,M,8be5c854fd664bcb97fb543339f74770,195,11,1406,57844
248761562,2022-01-01,e31c8211371624fe34e98cdd06b72e1f,EDDF,Frankfurt,DE,KDFW,Dallas Fort Worth,US,2022-01-01T10:02:00Z,2022-01-01T20:39:25Z,B772,H,5543e4dc327359ffaf5b9c0e6faaf0e1,625,12,4766,197464
248753596,2022-01-01,32d9a5cb4aecd79b6dbeebcbf6aa6247,LEMD,Madrid Barajas,ES,EBBR,Brussels,BE,2022-01-01T05:37:00Z,2022-01-01T07:32:49Z,A320,M,bdeeef3a675587d530de70a25d7118d2,105,11,754,56902
248756074,2022-01-01,599e48e83e7a249531b8f5fb56b1ee71,ENBR,Bergen,NO,EKCH,Copenhagen,DK,2022-01-01T14:54:00Z,2022-01-01T16:10:32Z,A320,M,8be5c854fd664bcb97fb543339f74770,62,15,382,56774
248756079,2022-01-01,5d8200966224670754ee488b310ceff7,LEAL,Alicante,ES,EBBR,Brussels,BE,2022-01-01T15:17:00Z,2022-01-01T17:33:44Z,B738,M,f53c55b5cf0cbb3be755bf50df6fa52d,125,12,876,65797
248757164,2022-01-01,54245e3817bfe649732dc168dfa10a9f,LPPT,Lisbon,PT,LTFM,iGA Istanbul,TR,2022-01-01T16:42:00Z,2022-01-01T21:07:00Z,A21N,M,6351ec1b849adacc0cbb3b1313d8d39b,255,10,1822,76831
248758651,2022-01-01,1b49d17736a37bff2ce6ec111773742f,EDDM,Munich,DE,EIDW,Dublin,IE,2022-01-01T09:35:00Z,2022-01-01T12:02:26Z,A320,M,a73f82288988b79be490c6322f4c32ed,133,14,795,64360.9608482871
248756468,2022-01-01,57fd04eda360841e54a8db6eff05e854,LTFM,iGA Istanbul,TR,EPWA,Warsaw Chopin,PL,2022-01-01T04:38:00Z,2022-01-01T07:08:45Z,A321,M,6351ec1b849adacc0cbb3b1313d8d39b,126,25,746,66571
248757146,2022-01-01,2bc002a60b0943b9b3525cb7357ca1bf,LOWW,Vienna,AT,EDDF,Frankfurt,DE,2022-01-01T16:44:00Z,2022-01-01T17:57:54Z,E195,M,5d407cb11cc29578cc3e292e743f5393,64,10,366,41853
248757137,2022-01-01,13b34b64b533a9a12b7ca9cb6cd84dd9,LOWW,Vienna,AT,EDDB,Berlin Brandenburg,DE,2022-01-01T16:32:00Z,2022-01-01T17:37:41Z,A320,M,5d407cb11cc29578cc3e292e743f5393,53,13,293,61791
248765364,2022-01-01,5ece9fa543a3d5b35f2e36f221727fd8,LFPG,Paris Charles de Gaulle,FR,LSZH,Zurich,CH,2022-01-01T09:30:00Z,2022-01-01T10:58:18Z,A21N,M,2d5def0a5a844b343ba1b7cc9cb28fa9,74,14,313,68798
248765388,2022-01-01,3c778772bc90c1f82d5bfef97273da50,LIRF,Rome Fiumicino,IT,EBBR,Brussels,BE,2022-01-01T09:35:00Z,2022-01-01T11:32:25Z,A320,M,bdeeef3a675587d530de70a25d7118d2,102,15,680,61804.0358974359
248765577,2022-01-01,f69d354a9ce61c335910659d81945959,EIDW,Dublin,IE,EGKK,London Gatwick,GB,2022-01-01T12:37:00Z,2022-01-01T13:51:29Z,A320,M,a73f82288988b79be490c6322f4c32ed,59,15,318,50126
248765597,2022-01-01,a9a01cfcdc4233efc4f1e2cb0d06c6fe,EBBR,Brussels,BE,LEMG,Malaga,ES,2022-01-01T13:01:00Z,2022-01-01T15:41:48Z,E190,M,f53c55b5cf0cbb3be755bf50df6fa52d,152,9,969,45922
248758585,2022-01-01,ed2557941d2fb2feb3fce742b4ca1704,LTFM,iGA Istanbul,TR,EBBR,Brussels,BE,2022-01-01T08:36:00Z,2022-01-01T12:01:40Z,A321,M,6351ec1b849adacc0cbb3b1313d8d39b,181,25,1187,74571
248757870,2022-01-01,7c2bac2c75d5b2ca9b9a1526c32fe5c8,LTFM,iGA Istanbul,TR,LEBL,Barcelona,ES,2022-01-01T12:04:00Z,2022-01-01T15:37:45Z,A21N,M,6351ec1b849adacc0cbb3b1313d8d39b,189,25,1240,77707
248757877,2022-01-01,143998b204c4e1fbe83f7bcf681bd15a,EDDS,Stuttgart,DE,LTFJ,Istanbul Sabiha Gokcen,TR,2022-01-01T12:27:00Z,2022-01-01T15:08:00Z,B738,M,6351ec1b849adacc0cbb3b1313d8d39b,150,11,1070,70807
248757675,2022-01-01,cd08b2ff2698ad09bf35ee2d4dc92c5b,EDDM,Munich,DE,EICK,Cork,IE,2022-01-01T09:15:00Z,2022-01-01T11:43:10Z,A320,M,a73f82288988b79be490c6322f4c32ed,135,13,845,64427.2362937197
248758692,2022-01-01,4c8d4bd8da2dda799de5795bfb3832fa,KEWR,Newark,US,EIDW,Dublin,IE,2022-01-01T22:18:00Z,2022-01-02T04:39:31Z,A21N,M,a73f82288988b79be490c6322f4c32ed,357,25,2847,74291
248758695,2022-01-01,b8626abea0a087e73d831742557001ec,KJFK,New York JFK,US,LFPG,Paris Charles de Gaulle,FR,2022-01-01T22:38:00Z,2022-01-02T05:33:51Z,B772,H,5543e4dc327359ffaf5b9c0e6faaf0e1,381,35,3303,186940
248758607,2022-01-01,ca76ff8f3b7c09e28e0fd49a357c41d2,LOWW,Vienna,AT,EDDF,Frankfurt,DE,2022-01-01T09:08:00Z,2022-01-01T10:24:49Z,A321,M,5d407cb11cc29578cc3e292e743f5393,64,13,352,72719
248758608,2022-01-01,34dc9e7fa69cebdde3ca0df73e117579,LFMN,Nice,FR,LSZH,Zurich,CH,2022-01-01T09:08:00Z,2022-01-01T10:36:01Z,A321,M,2d5def0a5a844b343ba1b7cc9cb28fa9,80,8,346,65781
248756287,2022-01-01,030f478eaa893ae26c0d2305fc9bc283,EDDL,Dusseldorf,DE,LOWW,Vienna,AT,2022-01-01T18:36:00Z,2022-01-01T19:56:05Z,A320,M,5d407cb11cc29578cc3e292e743f5393,70,10,460,51818
248756551,2022-01-01,a67e2cd67ed06dc0d49c691be7b6c9a3,LTFE,Bodrum,TR,LTFM,iGA Istanbul,TR,2022-01-01T06:38:00Z,2022-01-01T07:45:00Z,A321,M,6351ec1b849adacc0cbb3b1313d8d39b,57,10,322,64756
248756554,2022-01-01,91ce1a94fa4697a82de1cd19e6543907,EIDW,Dublin,IE,LIRF,Rome Fiumicino,IT,2022-01-01T06:39:00Z,2022-01-01T09:27:16Z,A320,M,a73f82288988b79be490c6322f4c32ed,150,18,1101,57868.5
248756557,2022-01-01,27afd5001471b2a56b0eed5706f5e699,EGLL,London Heathrow,GB,EBBR,Brussels,BE,2022-01-01T06:56:00Z,2022-01-01T07:50:27Z,A320,M,bdeeef3a675587d530de70a25d7118d2,41,13,221,59470.9003398218
248757233,2022-01-01,efadf38161400c8e794ff9bd7eca8a05,KORD,Chicago O'Hare,US,LTFM,iGA Istanbul,TR,2022-01-01T18:30:00Z,2022-01-02T04:20:00Z,B77W,H,6351ec1b849adacc0cbb3b1313d8d39b,565,25,4923,273898
248760343,2022-01-01,5066a2bb4f99617111187ff7a4e041ad,LTAT,Malatya,TR,LTFJ,Istanbul Sabiha Gokcen,TR,2022-01-01T02:49:27Z,2022-01-01T04:06:00Z,B738,M,6351ec1b849adacc0cbb3b1313d8d39b,72,5,442,61862
248760202,2022-01-01,e269def5286a77b38fdab1a8fdffffd9,EDDB,Berlin Brandenburg,DE,LSZH,Zurich,CH,2022-01-01T19:32:00Z,2022-01-01T20:43:47Z,A321,M,2d5def0a5a844b343ba1b7cc9cb28fa9,65,7,374,68793
248761980,2022-01-01,5248050fbeb49798739284566aefc16d,EKCH,Copenhagen,DK,ESSA,Stockholm Arlanda,SE,2022-01-01T16:18:00Z,2022-01-01T17:19:36Z,CRJ9,M,8be5c854fd664bcb97fb543339f74770,52,10,321,27892
248759731,2022-01-01,b053389bdcf01425a0ddc8ae4a184f6a,LPPR,Porto,PT,LTFM,iGA Istanbul,TR,2022-01-01T10:51:00Z,2022-01-01T15:10:00Z,B738,M,6351ec1b849adacc0cbb3b1313d8d39b,247,12,1750,64797
248759735,2022-01-01,78549ea93b1e7e3c14845f96c644303d,EIDW,Dublin,IE,EGKK,London Gatwick,GB,2022-01-01T10:43:00Z,2022-01-01T11:53:41Z,A320,M,a73f82288988b79be490c6322f4c32ed,56,15,315,50126
248758895,2022-01-01,054c9973a911cdebf477b8c73b2227c9,EHAM,Amsterdam,NL,LTFJ,Istanbul Sabiha Gokcen,TR,2022-01-01T13:09:00Z,2022-01-01T16:17:46Z,B738,M,6351ec1b849adacc0cbb3b1313d8d39b,175,14,1306,67779
248762549,2022-01-01,756c2f46cc7bb56345bc6c07da114f27,EDDF,Frankfurt,DE,EIDW,Dublin,IE,2022-01-01T09:41:00Z,2022-01-01T11:37:37Z,A320,M,a73f82288988b79be490c6322f4c32ed,107,10,625,62352.6257062147
248758986,2022-01-01,55fbad4acac0939deabeb547a2b0fd16,EKCH,Copenhagen,DK,ESSA,Stockholm Arlanda,SE,2022-01-01T14:21:00Z,2022-01-01T15:28:34Z,A20N,M,8be5c854fd664bcb97fb543339f74770,58,10,314,53851
248763277,2022-01-01,17739f728428060377c8830ce1f944e8,KJFK,New York JFK,US,LEMD,Madrid Barajas,ES,2022-01-01T00:29:00Z,2022-01-01T07:12:17Z,B772,H,5543e4dc327359ffaf5b9c0e6faaf0e1,368,35,3217,180940
248760521,2022-01-01,99684d919757361ff30162d87ef89201,LTFM,iGA Istanbul,TR,LFPG,Paris Charles de Gaulle,FR,2022-01-01T07:56:00Z,2022-01-01T11:32:09Z,A333,H,6351ec1b849adacc0cbb3b1313d8d39b,191,25,1227,179169
248759104,2022-01-01,67cc57a28f7408e2808ec093602514f6,LSZH,Zurich,CH,EGLL,London Heathrow,GB,2022-01-01T16:20:00Z,2022-01-01T17:46:58Z,A20N,M,2d5def0a5a844b343ba1b7cc9cb28fa9,76,11,449,59844
248759111,2022-01-01,fe029bf9ad4fe4698e5f7a4d7b5b9e4c,LSZH,Zurich,CH,LIPZ,Venice,IT,2022-01-01T16:22:00Z,2022-01-01T17:13:28Z,BCS3,M,2d5def0a5a844b343ba1b7cc9cb28fa9,40,11,225,44877
248759769,2022-01-01,01b48a82b9aee1da99c930781c63b0c2,EGLL,London Heathrow,GB,KORD,Chicago O'Hare,US,2022-01-01T11:35:00Z,2022-01-01T19:51:56Z,B772,H,5543e4dc327359ffaf5b9c0e6faaf0e1,478,19,3520,183304
248760859,2022-01-01,63d3c2395d28ba3649036d8ba36fc7b5,EDDB,Berlin Brandenburg,DE,LOWW,Vienna,AT,2022-01-01T14:05:00Z,2022-01-01T15:01:16Z,E195,M,5d407cb11cc29578cc3e292e743f5393,49,7,315,37875
248759820,2022-01-01,2740add02499a77763d5ded47eb764fe,LOWW,Vienna,AT,EDDB,Berlin Brandenburg,DE,2022-01-01T12:00:00Z,2022-01-01T13:07:42Z,E195,M,5d407cb11cc29578cc3e292e743f5393,58,10,301,38853
248765381,2022-01-01,4e0e72799402eddabc324a351ef3cefe,LTFJ,Istanbul Sabiha Gokcen,TR,LFSB,Basel/Mulhouse,FR,2022-01-01T09:26:00Z,2022-01-01T12:27:24Z,B738,M,6351ec1b849adacc0cbb3b1313d8d39b,166,15,1059,71770
248765382,2022-01-01,e2699b13d7cb9a45757e66393935f4aa,EGLL,London Heathrow,GB,LSZH,Zurich,CH,2022-01-01T09:20:00Z,2022-01-01T11:14:42Z,A21N,M,2d5def0a5a844b343ba1b7cc9cb28fa9,98,17,483,64773
248755966,2022-01-01,832330b8b4e437c0c036ceea7c81e7e3,LTFM,iGA Istanbul,TR,LIMC,Milan Malpensa,IT,2022-01-01T13:15:00Z,2022-01-01T16:11:29Z,B738,M,6351ec1b849adacc0cbb3b1313d8d39b,151,25,950,59678
248764390,2022-01-01,5e921d8036437ec5d4a424ce0f8fe731,EDDL,Dusseldorf,DE,LSZH,Zurich,CH,2022-01-01T08:50:00Z,2022-01-01T09:55:10Z,A320,M,2d5def0a5a844b343ba1b7cc9cb28fa9,55,10,285,54818
248757278,2022-01-01,9a550f8be44264215bc40ab3c6c02efa,LTAC,Ankara,TR,LTFJ,Istanbul Sabiha Gokcen,TR,2022-01-01T18:45:00Z,2022-01-01T19:34:00Z,B738,M,6351ec1b849adacc0cbb3b1313d8d39b,44,5,234,53862
248757285,2022-01-01,f79eb1dbacc446cbdaa5f9dcbd729cff,EBBR,Brussels,BE,LOWW,Vienna,AT,2022-01-01T18:49:00Z,2022-01-01T20:17:50Z,A320,M,5d407cb11cc29578cc3e292e743f5393,79,10,532,51818
248764431,2022-01-01,eca7b799556fdecf307203b933315820,LTFJ,Istanbul Sabiha Gokcen,TR,EDDK,Cologne/Bonn,DE,2022-01-01T09:33:00Z,2022-01-01T12:58:51Z,B738,M,6351ec1b849adacc0cbb3b1313d8d39b,185,21,1160,71715
248757085,2022-01-01,400ae95720b68b849a62e544b319d9e0,ENVA,Trondheim,NO,ENGM,Oslo,NO,2022-01-01T15:30:20Z,2022-01-01T16:17:58Z,B737,M,8be5c854fd664bcb97fb543339f74770,38,10,204,55816
248757780,2022-01-01,4202f63496783ae79c1fc73c2ccc5661,LFBO,Toulouse Blagnac,FR,EBBR,Brussels,BE,2022-01-01T11:09:00Z,2022-01-01T12:52:38Z,A319,M,bdeeef3a675587d530de70a25d7118d2,94,10,586,52657
248757814,2022-01-01,a4bc3c0bd37ab7d41aaeccd1fae725e2,LOWW,Vienna,AT,LFMN,Nice,FR,2022-01-01T11:26:00Z,2022-01-01T13:10:31Z,E195,M,5d407cb11cc29578cc3e292e743f5393,95,10,576,41853
248762639,2022-01-01,c64781c0cf06b10489aec41e0f1320bc,ESSA,Stockholm Arlanda,SE,LEAL,Alicante,ES,2022-01-01T11:01:00Z,2022-01-01T15:09:25Z,A20N,M,8be5c854fd664bcb97fb543339f74770,233,15,1607,68813
248754531,2022-01-01,40ef89ba515e053401662807ebf5b789,LTFM,iGA Istanbul,TR,KORD,Chicago O'Hare,US,2022-01-01T04:19:00Z,2022-01-01T15:55:47Z,B77W,H,6351ec1b849adacc0cbb3b1313d8d39b,672,25,4790,323898
248762378,2022-01-01,fe94022394c47bd514c7ce984d7a0437,EIDW,Dublin,IE,EGKK,London Gatwick,GB,2022-01-01T06:14:00Z,2022-01-01T07:28:23Z,A320,M,a73f82288988b79be490c6322f4c32ed,56,18,306,50126
248761568,2022-01-01,25cb42c5343de0abcfa34264a885446f,LIRF,Rome Fiumicino,IT,LTFM,iGA Istanbul,TR,2022-01-01T09:52:00Z,2022-01-01T12:07:00Z,B738,M,6351ec1b849adacc0cbb3b1313d8d39b,119,16,785,59761
248761295,2022-01-01,f3336cde4f662ebd9c4e35709606c6aa,KBOS,Boston,US,LSZH,Zurich,CH,2022-01-01T02:15:00Z,2022-01-01T09:24:50Z,A333,H,2d5def0a5a844b343ba1b7cc9cb28fa9,410,20,3357,185283
248760545,2022-01-01,291bb028d121b16fe6f29594f7f840ce,EBBR,Brussels,BE,LOWW,Vienna,AT,2022-01-01T08:47:00Z,2022-01-01T10:20:19Z,E195,M,5d407cb11cc29578cc3e292e743f5393,79,14,555,41823
248760547,2022-01-01,edfdd0350274bcd23e1340742ae7dabc,EBBR,Brussels,BE,LFBO,Toulouse Blagnac,FR,2022-01-01T08:48:00Z,2022-01-01T10:16:34Z,A319,M,bdeeef3a675587d530de70a25d7118d2,78,11,467,52657
248759116,2022-01-01,de6d170089cc29c8c61af8302dbde139,ENGM,Oslo,NO,ENBO,Bodo,NO,2022-01-01T16:37:00Z,2022-01-01T18:14:17Z,A20N,M,8be5c854fd664bcb97fb543339f74770,73,24,460,59744
248759122,2022-01-01,98f1b49dbd9746186969703daf236846,EGBB,Birmingham,GB,LTFM,iGA Istanbul,TR,2022-01-01T16:17:00Z,2022-01-01T19:45:00Z,A21N,M,6351ec1b849adacc0cbb3b1313d8d39b,193,15,1466,65790
248763142,2022-01-01,fddc414732fe298a6fe61cfb57848de4,EDDH,Hamburg,DE,LSZH,Zurich,CH,2022-01-01T19:14:00Z,2022-01-01T20:31:27Z,A20N,M,2d5def0a5a844b343ba1b7cc9cb28fa9,68,9,399,61859
248760399,2022-01-01,fbd81e80b0d659b2210bf6cd1124caa3,LIPZ,Venice,IT,EBBR,Brussels,BE,2022-01-01T05:44:00Z,2022-01-01T07:16:53Z,A319,M,bdeeef3a675587d530de70a25d7118d2,80,13,471,57934
248760935,2022-01-01,4e52ff309972f3d80746893ec4f367ab,LEAL,Alicante,ES,ENGM,Oslo,NO,2022-01-01T15:22:00Z,2022-01-01T18:48:57Z,A20N,M,8be5c854fd664bcb97fb543339f74770,196,11,1452,65844
248760947,2022-01-01,e60b272b22d1dcd15f47f5a488b2be8f,LTFM,iGA Istanbul,TR,LOWW,Vienna,AT,2022-01-01T15:21:00Z,2022-01-01T17:41:13Z,A321,M,6351ec1b849adacc0cbb3b1313d8d39b,115,25,680,74571
248763162,2022-01-01,2136e066ce96e8cda4b0535477050db5,LSGG,Geneva,CH,LSZH,Zurich,CH,2022-01-01T19:40:00Z,2022-01-01T20:24:22Z,BCS3,M,2d5def0a5a844b343ba1b7cc9cb28fa9,31,13,140,44866
248755121,2022-01-01,e0850f9fd7c2fc61c09ab66aef7c9e5f,ENGM,Oslo,NO,ENBR,Bergen,NO,2022-01-01T15:52:00Z,2022-01-01T16:52:29Z,BCS3,M,8be5c854fd664bcb97fb543339f74770,42,18,198,49836
248755134,2022-01-01,b86c960ea589477d4b23a1f77520b8d3,EKCH,Copenhagen,DK,LSGG,Geneva,CH,2022-01-01T15:48:00Z,2022-01-01T17:41:46Z,BCS3,M,2d5def0a5a844b343ba1b7cc9cb28fa9,104,10,629,52883
248753567,2022-01-01,1abad4cf940ee8aecb4afeda00003589,KSEA,Seattle,US,EGLL,London Heathrow,GB,2022-01-01T04:02:00Z,2022-01-01T13:34:41Z,B772,H,5543e4dc327359ffaf5b9c0e6faaf0e1,563,10,4314,165509
248755752,2022-01-01,9bf8e4937bb18db560bfe260f6193095,LOWW,Vienna,AT,LGAV,Athens,GR,2022-01-01T10:00:00Z,2022-01-01T11:49:41Z,A320,M,5d407cb11cc29578cc3e292e743f5393,97,13,718,59791
248753351,2022-01-01,f6c84fecf7757ea3babfe18c52e1e464,EDDB,Berlin Brandenburg,DE,LOWW,Vienna,AT,2022-01-01T18:26:00Z,2022-01-01T19:24:40Z,A320,M,5d407cb11cc29578cc3e292e743f5393,52,7,322,53844
248757373,2022-01-01,4e77ab579c1e1e7ef355a0d3a2598e76,EGLL,London Heathrow,GB,LTFM,iGA Istanbul,TR,2022-01-01T20:58:00Z,2022-01-02T00:13:15Z,A21N,M,6351ec1b849adacc0cbb3b1313d8d39b,185,10,1429,64831
248758361,2022-01-01,b1461c99882ebc9c01d31eba00e5dc13,LTFM,iGA Istanbul,TR,EDDW,Bremen,DE,2022-01-01T06:19:00Z,2022-01-01T09:47:31Z,A321,M,6351ec1b849adacc0cbb3b1313d8d39b,184,25,1094,75571
248761717,2022-01-01,c56b73f55cd34e14c506e5e5ab00b2b5,EICK,Cork,IE,EGLL,London Heathrow,GB,2022-01-01T11:52:00Z,2022-01-01T12:59:02Z,A320,M,a73f82288988b79be490c6322f4c32ed,57,10,331,58818
248761718,2022-01-01,c3d93da5fd5b9cfcf30bb667675e96aa,LIPZ,Venice,IT,EBBR,Brussels,BE,2022-01-01T11:52:00Z,2022-01-01T13:23:56Z,A319,M,bdeeef3a675587d530de70a25d7118d2,81,11,488,57934
248762936,2022-01-01,9958230be00c146faaa143ca36840fe5,LTFM,iGA Istanbul,TR,LLBG,Tel Aviv,IL,2022-01-01T15:31:00Z,2022-01-01T17:35:00Z,B77W,H,6351ec1b849adacc0cbb3b1313d8d39b,99,25,656,232898
248753122,2022-01-01,5bcb9074655e1ae0743fd347438f6ad4,LSGG,Geneva,CH,LGAV,Athens,GR,2022-01-01T13:50:00Z,2022-01-01T16:23:50Z,BCS1,M,2d5def0a5a844b343ba1b7cc9cb28fa9,141,13,988,45846
248754274,2022-01-01,52eb4da8acd1d1349812af0819470487,ESSA,Stockholm Arlanda,SE,EKCH,Copenhagen,DK,2022-01-01T16:59:00Z,2022-01-01T18:07:29Z,CRJ9,M,8be5c854fd664bcb97fb543339f74770,53,15,303,30865
248754848,2022-01-01,a9de9a9c18760c1746fe4a0452ad8431,LTFJ,Istanbul Sabiha Gokcen,TR,EGSS,London Stansted,GB,2022-01-01T11:03:00Z,2022-01-01T15:00:28Z,B738,M,6351ec1b849adacc0cbb3b1313d8d39b,222,15,1393,70770
248754085,2022-01-01,0bfb9c1656cec6ece2d5f32dd0bcdae5,ESSA,Stockholm Arlanda,SE,ENGM,Oslo,NO,2022-01-01T13:39:00Z,2022-01-01T14:38:10Z,CRJ9,M,8be5c854fd664bcb97fb543339f74770,44,15,224,34865
248754089,2022-01-01,eb5c01e1823eb62a386fa4fa11e30d8e,EGLL,London Heathrow,GB,LSZH,Zurich,CH,2022-01-01T13:41:00Z,2022-01-01T15:07:52Z,A20N,M,2d5def0a5a844b343ba1b7cc9cb28fa9,73,14,465,57821
248754406,2022-01-01,743859005605324d21fad9ee60e79659,EGPH,Edinburgh,GB,EGAC,Belfast City,GB,2022-01-01T19:27:00Z,2022-01-01T20:04:00Z,A320,M,a73f82288988b79be490c6322f4c32ed,26,11,117,48809
248754413,2022-01-01,077a9154cf536094de53401eeed0991a,ENGM,Oslo,NO,ESSA,Stockholm Arlanda,SE,2022-01-01T20:32:00Z,2022-01-01T21:58:23Z,B788,H,4fea233a1f67230add909d3e8fc8e230,41,45,233,122015
248752256,2022-01-01,bfd16855b8b90b14e3a4bfd1c1ecf9b6,LPMA,Madeira,PT,ESSA,Stockholm Arlanda,SE,2022-01-01T15:16:00Z,2022-01-01T20:03:34Z,A20N,M,8be5c854fd664bcb97fb543339f74770,280,8,2181,64867
248753431,2022-01-01,ca8be143c12755615a2e4c9ca0831a3b,LSZH,Zurich,CH,EHAM,Amsterdam,NL,2022-01-01T19:51:00Z,2022-01-01T21:06:43Z,A320,M,2d5def0a5a844b343ba1b7cc9cb28fa9,66,10,377,52818
248753531,2022-01-01,a7ff1e4881bcf5cc87c53c957ea03b4f,EDDV,Hanover,DE,LTFJ,Istanbul Sabiha Gokcen,TR,2022-01-01T00:52:00Z,2022-01-01T03:35:00Z,B738,M,6351ec1b849adacc0cbb3b1313d8d39b,152,11,1165,62807
248752247,2022-01-01,ebff3250b0f2ecce2cd49e645ca6c7ab,EDDK,Cologne/Bonn,DE,LTFJ,Istanbul Sabiha Gokcen,TR,2022-01-01T14:52:00Z,2022-01-01T17:45:00Z,B738,M,6351ec1b849adacc0cbb3b1313d8d39b,158,15,1153,66770
248753971,2022-01-01,9e25419ad5650e7d9ab410a28b22d415,EIDW,Dublin,IE,LSGG,Geneva,CH,2022-01-01T12:00:00Z,2022-01-01T13:59:40Z,A320,M,a73f82288988b79be490c6322f4c32ed,105,15,708,61774
248755519,2022-01-01,97fb5fcd6f282626c96fd6dbf7f750b5,LFBO,Toulouse Blagnac,FR,EBBR,Brussels,BE,2022-01-01T06:03:00Z,2022-01-01T07:37:23Z,A319,M,bdeeef3a675587d530de70a25d7118d2,84,10,533,52657
248752214,2022-01-01,94b6aa7660ab1a837378f7e5004f0bf8,EDDH,Hamburg,DE,EKCH,Copenhagen,DK,2022-01-01T14:33:00Z,2022-01-01T15:27:42Z,AT76,M,8be5c854fd664bcb97fb543339f74770,46,9,183,15922
248762368,2022-01-01,0b6918ff045b6089c7972d05d010453f,LSZH,Zurich,CH,ELLX,Luxembourg,LU,2022-01-01T06:19:00Z,2022-01-01T07:07:58Z,BCS1,M,2d5def0a5a844b343ba1b7cc9cb28fa9,37,12,172,43853
