flight_id,timestamp,altitude,speed,point,speed_ms,altitude_m,kinetic_energy,specific_energy
248750643,2022-01-01T05:33:38Z,2744.03085766733,214.563581773209,1,110.372212846301,836.33979203515,620.898336829213,1457.23812886436
248750643,2022-01-01T05:34:08Z,3985.85949240732,230.231581829372,2,118.431883657084,1214.8306895481,714.888433566014,1929.71912311411
248750643,2022-01-01T05:34:38Z,5246.85780507343,245.12165130446,3,126.091384415874,1599.16421977246,810.348482360438,2409.5127021329
248750643,2022-01-01T05:35:08Z,6524.04853681826,259.007434850671,4,133.234277186559,1988.43295849383,904.759052875888,2893.19201136972
248750643,2022-01-01T05:35:38Z,7810.50718857865,271.993667780707,5,139.9144381588,2380.52642138941,997.75993910768,3378.28636049709
248750643,2022-01-01T05:36:08Z,9097.74264654426,284.402216160573,6,146.297436296591,2772.8566432625,1090.87359158793,3863.73023485043
248750643,2022-01-01T05:36:38Z,10379.1741568771,296.488146244214,7,152.514478520686,3163.41790822222,1185.5589275452,4348.97683576742
248750643,2022-01-01T05:37:08Z,11652.7564391688,308.244394992788,8,158.561931580652,3551.5868452206,1281.44169962219,4833.0285448428
248750643,2022-01-01T05:37:38Z,12919.1496369156,319.489996483204,9,164.346706009879,3937.56465617666,1376.64830664105,5314.21296281771
248750643,2022-01-01T05:38:08Z,14176.9421383001,330.062353806851,10,169.785161423277,4320.92110280404,1469.26610802896,5790.187210833
248750643,2022-01-01T05:38:38Z,15421.663273586,339.888251316142,11,174.83963545069,4700.29359146176,1558.04781470593,6258.34140616769
248750643,2022-01-01T05:39:08Z,16647.4632801033,348.964243087744,12,179.508355497811,5073.89920149445,1642.36746654069,6716.26666803514
248750643,2022-01-01T05:39:38Z,17849.0541042648,357.307759830517,13,183.800287978661,5440.12621282072,1721.84229668903,7161.96850950975
248750643,2022-01-01T05:40:08Z,19022.5767249547,364.928040694929,14,187.720185542659,5797.79845320169,1796.06870846944,7593.86716167113
248750643,2022-01-01T05:40:38Z,20164.4527305876,371.857715423904,15,191.284833036988,6145.82527600963,1864.92799948972,8010.75327549935
248750643,2022-01-01T05:41:08Z,21271.1050219347,378.158546608274,16,194.526001341705,6483.11643460369,1928.66285412808,8411.77928873177
248750643,2022-01-01T05:41:38Z,22339.7760270524,383.890163188102,17,197.474363779888,6808.83146207022,1987.57004843381,8796.40151050403
248750643,2022-01-01T05:42:08Z,23369.2307102383,389.086001055328,18,200.147119884428,7122.59393789646,2041.73647288642,9164.33041078289
248750643,2022-01-01T05:42:38Z,24359.888548261,393.74523519451,19,202.543845264665,7424.5317123624,2090.92809656456,9515.45980892696
248750643,2022-01-01T05:43:08Z,25313.0229430322,397.849849585582,20,204.655272420567,7715.03289943072,2134.74926246363,9849.78216189436
248750643,2022-01-01T05:43:38Z,26229.6867437681,401.388011120493,21,206.475314362393,7994.418391883,2172.88763715847,10167.3060290415
248750643,2022-01-01T05:44:08Z,27109.5506700385,404.37891636388,22,208.013845866194,8262.58782994164,2205.39042161287,10467.9782515545
248750643,2022-01-01T05:44:38Z,27951.2046251716,406.856596995801,23,209.288372940227,8519.11143711418,2232.49862629804,10751.6100634122
248750643,2022-01-01T05:45:08Z,28753.2302772986,408.832227423616,24,210.304643736428,8763.55692694259,2254.23257783414,11017.7895047767
248750643,2022-01-01T05:45:38Z,29514.7970092739,410.270115836495,25,211.044298269802,8995.67113967507,2270.11701489262,11265.7881545677
248750643,2022-01-01T05:46:08Z,30234.9178457435,411.110210074927,26,211.476445511794,9215.15325990354,2279.42339481665,11494.5766547202
248750643,2022-01-01T05:46:38Z,30911.0243784386,411.314454268145,27,211.581509397194,9421.22047498891,2281.68884397527,11702.9093189642
248750643,2022-01-01T05:47:08Z,31538.1548160342,410.896987500081,28,211.366763117326,9612.36050473459,2277.0595591588,11889.4200638934
248750643,2022-01-01T05:47:38Z,32108.6813374661,409.949216476407,29,210.879226582514,9786.24850273272,2266.56718675021,12052.8156894829
248750643,2022-01-01T05:48:08Z,32613.3859366386,408.635075665871,30,210.203228223185,9940.0749578295,2252.05897836128,12192.1339361908
248750643,2022-01-01T05:48:38Z,33043.8662504744,407.153793304708,31,209.441251699953,10071.2789547316,2235.76136155162,12307.0403162832
248750690,2022-01-01T06:22:20Z,6381.49113533841,257.142967820248,1,132.275189207947,1944.9835828523,891.780106014173,2836.76368886648
248750690,2022-01-01T06:22:50Z,7367.74377677768,266.242656926484,2,136.956099242019,2245.57871892035,956.01290110039,3201.59162002074
248750690,2022-01-01T06:23:20Z,8347.80984382669,275.162088259866,3,141.544284084293,2544.28827913035,1021.14089484888,3565.42917397924
248750690,2022-01-01T06:23:50Z,9314.46665686561,284.280988094386,4,146.23507618024,2838.91089816081,1089.94380761675,3928.85470577755
248750690,2022-01-01T06:24:20Z,10266.1800346955,293.790189009145,5,151.126640436803,3128.97898040095,1164.080603961,4293.05958436195
248750690,2022-01-01T06:24:50Z,11205.268057458,303.603888445639,6,156.174839735411,3415.19904219993,1243.14885659436,4658.34789879428
248750690,2022-01-01T06:25:20Z,12136.5579803054,313.417548977895,7,161.223019021551,3699.04235912997,1324.81456995022,5023.85692908019
248750690,2022-01-01T06:25:50Z,13063.688062152,322.884712045448,8,166.092958871115,3981.6178183944,1406.05866394302,5387.67648233742
248750690,2022-01-01T06:26:20Z,13986.3018334877,331.762604011486,9,170.659775726073,4262.81677338852,1484.44235733301,5747.25913072152
248750690,2022-01-01T06:26:50Z,14900.9245218198,339.926626914282,10,174.859375984713,4541.58016513861,1558.39966206744,6099.97982720606
248750690,2022-01-01T06:27:20Z,15802.6994502699,347.346161104655,11,178.676008798691,4816.42775076801,1627.17207544495,6443.59982621296
248750690,2022-01-01T06:27:50Z,16686.9402724201,354.05096825607,12,182.124983670818,5085.93120159101,1690.59682350131,6776.52802509232
248750690,2022-01-01T06:28:20Z,17549.8715312145,360.101230530621,13,185.237258503406,5348.93981445124,1748.87063903454,7097.81045348578
248750690,2022-01-01T06:28:50Z,18388.5490823712,365.573763334153,14,188.052347394112,5604.55625796135,1802.43044650539,7406.98670446673
248750690,2022-01-01T06:29:20Z,19200.5317291477,370.557968586605,15,190.616238984879,5852.03649166344,1851.91389218861,7703.95038385205
248750690,2022-01-01T06:29:50Z,19983.8596371462,375.144001545937,16,192.97530943721,6090.78318718263,1898.0361902338,7988.81937741643
248750690,2022-01-01T06:30:20Z,20736.5727538425,379.428852927161,17,195.179451094219,6320.19894966246,1941.64210649544,8261.8410561579
248750690,2022-01-01T06:30:50Z,21456.9575246768,383.502744917293,18,197.275074545933,6539.76151315965,1983.56039944461,8523.32191260426
248750690,2022-01-01T06:31:20Z,22143.904658612,387.434198011547,19,199.297426960672,6749.13278226516,2024.43753278005,8773.57031504521
248750690,2022-01-01T06:31:50Z,22796.5995435693,391.281259894286,20,201.276368258378,6948.06447533354,2064.84079608981,9012.90527142335
248750690,2022-01-01T06:32:20Z,23414.5343682802,395.097172760402,21,203.239286399384,7136.40181904303,2105.31129134204,9241.71311038507
248750690,2022-01-01T06:32:50Z,23998.0912395284,398.922756636369,22,205.207179339696,7314.26127385808,2146.27861633813,9460.53989019621
248750690,2022-01-01T06:33:20Z,24548.6738739089,402.785457750918,23,207.194165509731,7482.07067171865,2188.04394603843,9670.11461775708
248750690,2022-01-01T06:33:50Z,25068.6710656573,406.695950934584,24,209.205736077461,7640.55808157797,2230.73598408319,9871.29406566116
248750690,2022-01-01T06:34:20Z,25561.2102964377,410.646998729037,25,211.238168070492,7790.67671333061,2274.28968653301,10064.9663998636
248750690,2022-01-01T06:34:50Z,26029.8279723468,414.612972409287,26,213.278277988316,7933.50441095606,2318.43138948326,10251.9358004393
248750690,2022-01-01T06:35:20Z,26478.1301612395,418.55640160631,27,215.306790949748,8070.14025030158,2362.74282513142,10432.883075433
248750690,2022-01-01T06:35:50Z,26910.3059749351,422.414311461533,28,217.291312480212,8201.86101034292,2406.49920893849,10608.3602192814
248750690,2022-01-01T06:36:20Z,27331.1638339949,426.099164871058,29,219.186813205277,8330.132226149,2448.66763930096,10778.79986545
248750690,2022-01-01T06:36:50Z,27745.9384803535,429.50602244724,30,220.939311958457,8456.54936920254,2487.98061002428,10944.5299792268
248750690,2022-01-01T06:37:20Z,28160.0629059678,432.517809716898,31,222.488585245318,8582.76833464426,2522.99544161382,11105.7637762581
248750693,2022-01-01T06:21:10Z,1484.85236926131,212.742178789869,1,109.435277155282,452.560917178089,610.401625181115,1062.9625423592
248750693,2022-01-01T06:21:40Z,2820.68274124568,228.333038349851,2,117.45526664087,859.702146066955,703.146771747086,1562.84891781404
248750693,2022-01-01T06:22:10Z,4173.09112585813,243.375232724158,3,125.193020948641,1271.89610663156,798.842634773027,2070.73874140458
248750693,2022-01-01T06:22:40Z,5554.93099708515,257.505711105709,4,132.461785548204,1693.06034656664,894.297891468829,2587.35823803547
248750693,2022-01-01T06:23:10Z,6978.82930424646,270.526486397694,5,139.159715225151,2127.04337221776,987.024788050215,3114.06816026797
248750693,2022-01-01T06:23:40Z,8452.23416232149,282.454311480233,6,145.295427716169,2576.11525825099,1075.98171841104,3652.09697666202
248750693,2022-01-01T06:24:10Z,9970.0174294011,293.444058345789,7,150.948589684048,3038.71302328592,1161.33928275245,4200.05230603837
248750693,2022-01-01T06:24:40Z,11513.7499078806,303.576064533647,8,156.160527023481,3509.21972199959,1242.92100918712,4752.14073118671
248750693,2022-01-01T06:25:10Z,13064.278740668,312.692032308102,9,160.849810858077,3981.7978484206,1318.6881576493,5300.4860060699
248750693,2022-01-01T06:25:40Z,14599.963918225,320.577830292669,10,164.906291302813,4449.85184950472,1386.03898630215,5835.89083580688
248750693,2022-01-01T06:26:10Z,16094.6962182502,327.084701568796,11,168.253447309051,4905.42402263035,1442.87576612537,6348.29978875572
248750693,2022-01-01T06:26:40Z,17519.6689717981,332.127331141742,12,170.847392562624,5339.73452355932,1487.70802983932,6827.44255339864
248750693,2022-01-01T06:27:10Z,18845.1340355947,335.719679189198,13,172.695308224896,5743.7165606811,1520.06470351131,7263.78126419241
248750693,2022-01-01T06:27:40Z,20042.0728431707,338.029525857306,14,173.883500955404,6108.52570654395,1541.0536138893,7649.57932043324
248750693,2022-01-01T06:28:10Z,21086.5143509124,339.371027094864,15,174.573573608469,6426.85594358805,1553.3095108273,7980.16545441535
248750693,2022-01-01T06:28:40Z,21967.1045678209,340.065730042632,16,174.930931091889,6695.24674423069,1559.67536456041,8254.9221087911
248750693,2022-01-01T06:29:10Z,22685.3580558023,340.37843139416,17,175.091785696584,6914.15972441398,1562.54502642297,8476.70475083694
248750693,2022-01-01T06:29:40Z,23248.2759862567,340.519753587047,18,175.164482297864,7085.72873704867,1563.84280625274,8649.57154330141
248750693,2022-01-01T06:30:10Z,23667.0782713885,340.64086315163,19,175.2267814566,7213.37344449512,1564.95539957385,8778.32884406897
248750693,2022-01-01T06:30:40Z,23959.8236635073,340.830173334802,20,175.324163238067,7302.59788586021,1566.69532187198,8869.29320773219
248750693,2022-01-01T06:31:10Z,24148.4181060203,341.1084137474,21,175.467291022325,7360.07866687603,1569.25434346143,8929.33301033746
248750693,2022-01-01T06:31:40Z,24255.3982430622,341.417882158875,22,175.626482592014,7392.68462147582,1572.10302689311,8964.78764836893
248750693,2022-01-01T06:32:10Z,24301.8232727494,341.669518214894,23,175.755925007661,7406.83428002114,1574.42126275732,8981.25554277847
248750693,2022-01-01T06:32:40Z,24306.0630849921,341.8277519508,24,175.837320962345,7408.12651173182,1575.87989007212,8984.00640180394
248750693,2022-01-01T06:33:10Z,24283.2565818051,341.919006321495,25,175.884262511057,7401.17542877327,1576.72139648616,8977.89682525943
248750693,2022-01-01T06:33:40Z,24245.2374878966,342.009028894396,26,175.930570418928,7389.58777442748,1577.55176391077,8967.13953833826
248750693,2022-01-01T06:34:10Z,24200.7627890069,342.179843589593,27,176.01843806049,7376.03254770098,1579.12795806598,8955.16050576696
248750693,2022-01-01T06:34:40Z,24155.9127908015,342.47599105619,28,176.170777292279,7362.36293532506,1581.86252659356,8944.22546191861
248750693,2022-01-01T06:35:10Z,24114.5679558555,342.848097297103,29,176.362189967646,7349.76164457649,1585.30183742018,8935.06348199667
248750693,2022-01-01T06:35:40Z,24078.8936866901,343.166959568972,30,176.526213770047,7338.88865793664,1588.25199531032,8927.14065324696
248750693,2022-01-01T06:36:10Z,24049.7893337838,343.294241152995,31,176.591687835903,7330.01808405481,1589.43038800881,8919.44847206362
248750694,2022-01-01T06:33:14Z,3547.98884215033,224.392022022072,1,115.427994867321,1081.37422802509,679.083690065765,1760.45791809086
248750694,2022-01-01T06:33:44Z,4458.38413239143,233.665063775825,2,120.198078073984,1358.84917171333,736.369927251761,2095.21909896509
248750694,2022-01-01T06:34:14Z,5395.20421472921,242.129996220098,3,124.552467191408,1644.37799900311,790.688944111459,2435.06694311457
248750694,2022-01-01T06:34:44Z,6364.86108272252,250.003861986931,4,128.602809664059,1939.91499016231,842.950186212548,2782.86517637485
248750694,2022-01-01T06:35:14Z,7373.58743124632,257.628142714046,5,132.5247647706,2247.35977788672,895.148485091889,3142.50826297861
248750694,2022-01-01T06:35:44Z,8441.32470852301,265.409536101369,6,136.527539146795,2572.79021899512,950.039191920465,3522.82941091559
248750694,2022-01-01T06:36:14Z,9596.15908639535,273.743819156995,7,140.814721788577,2924.76656092513,1010.64148177342,3935.40804269855
248750694,2022-01-01T06:36:44Z,10862.5348768721,282.929508674854,8,145.539870717517,3310.73906640419,1079.60519716981,4390.344263574
248750694,2022-01-01T06:37:14Z,12248.474022814,293.075432527944,9,150.758967349765,3733.15270430172,1158.42335557429,4891.57605987602
248750694,2022-01-01T06:37:44Z,13731.6091036136,303.999383261221,10,156.378283570587,4185.1902174988,1246.38978453022,5431.58000202902
248750694,2022-01-01T06:38:14Z,15252.7553775258,315.193569626462,11,162.136609890156,4648.81297699659,1339.8715732249,5988.68455022148
248750694,2022-01-01T06:38:44Z,16751.2358756309,326.139896711504,12,167.767436579992,5105.52754514809,1434.55212928754,6540.07967443564
248750694,2022-01-01T06:39:14Z,18186.4673414806,336.491558568546,13,173.0923655188,5542.96474900354,1527.06253827185,7070.02728727539
248750694,2022-01-01T06:39:44Z,19534.5388466358,346.040881030593,14,178.004568431375,5953.83689321419,1614.96566679103,7568.80256000522
248750694,2022-01-01T06:40:14Z,20784.2945933446,354.699623360988,15,182.458653992278,6334.74385655123,1696.79716700682,8031.54102355805
248750694,2022-01-01T06:40:44Z,21933.8176930333,362.481059155634,16,186.461450182939,6685.10139988825,1772.06281367608,8457.16421356433
248750694,2022-01-01T06:41:14Z,22987.3957229575,369.470432916774,17,190.056807055954,7006.21631300138,1841.05962835393,8847.27594135531
248750694,2022-01-01T06:41:44Z,23953.0441258408,375.780520267672,18,193.302736763206,7300.53158361499,1904.48257085348,9205.01415446847
248750694,2022-01-01T06:42:14Z,24842.0414129077,381.492424952423,19,196.240959337666,7571.48473419924,1962.81927226134,9534.30400646058
248750694,2022-01-01T06:42:44Z,25667.59336736,386.658288098959,20,198.898296347201,7823.1006910576,2016.33701782971,9839.43770888731
248750694,2022-01-01T06:43:14Z,26442.441041184,391.32002656428,21,201.29630996105,8059.26273733129,2065.24996961952,10124.5127069508
248750694,2022-01-01T06:43:44Z,27177.1647448666,395.516893959966,22,203.455192366238,8283.19559429034,2109.78671257813,10392.9823068685
248750694,2022-01-01T06:44:14Z,27879.9050063387,399.273212975938,23,205.387455234536,8497.38037376981,2150.05131333937,10647.4316871092
248750694,2022-01-01T06:44:44Z,28556.7610754864,402.575803914169,24,207.086318885889,8703.67603641768,2185.76674157534,10889.442777993
248750694,2022-01-01T06:45:14Z,29211.8370636325,405.36893337812,25,208.523113877634,8903.33345432261,2216.20229465976,11119.5357489824
248750694,2022-01-01T06:45:44Z,29846.9357367377,407.573561704566,26,209.657181946793,9096.90208373597,2240.37379927985,11337.2758830158
248750694,2022-01-01T06:46:14Z,30461.1488341912,409.117714177661,27,210.451499062583,9284.10510033259,2257.38192954578,11541.4870298784
248750694,2022-01-01T06:46:44Z,31051.3311033461,409.952613249803,28,210.880973893932,9463.98387788665,2266.60474772951,11730.5886256162
248750694,2022-01-01T06:47:14Z,31612.0566623399,410.072542304659,29,210.942665794578,9634.88468830842,2267.93110359444,11902.8157919029
248750694,2022-01-01T06:47:44Z,32134.8581138087,409.543388355611,30,210.670467261117,9794.2267948213,2262.08184383371,12056.308638655
248750694,2022-01-01T06:48:14Z,32608.8858137701,408.497547203854,31,210.132483129555,9938.70338731183,2250.54334690074,12189.2467342126
248750710,2022-01-01T07:00:02Z,2538.61225784674,216.069714874622,1,111.146972672131,773.731258106291,629.645745880704,1403.377003987
248750710,2022-01-01T07:00:32Z,3274.93509779408,227.588019536421,2,117.072026510505,998.151508014043,698.5657182098,1696.71722622384
248750710,2022-01-01T07:01:02Z,4091.96999339005,238.454927438291,3,122.661999711055,1247.1715920116,766.868816162835,2014.04040817443
248750710,2022-01-01T07:01:32Z,5029.71932080098,248.912106851095,4,128.041207227929,1532.98363937854,835.604013679182,2368.58765305772
248750710,2022-01-01T07:02:02Z,6125.64215163984,259.273414418292,5,133.371097951796,1867.00461799447,906.618234906605,2773.62285290107
248750710,2022-01-01T07:02:32Z,7403.3596226747,269.799120749522,6,138.785555941112,2256.43389901698,981.72428837327,3238.15818739025
248750710,2022-01-01T07:03:02Z,8859.50949220167,280.571498203332,7,144.326902367969,2700.24672118307,1061.68474756031,3761.93146874338
248750710,2022-01-01T07:03:32Z,10450.0505014531,291.382248729912,8,149.88798802979,3185.01996386866,1145.07690905293,4330.09687292159
248750710,2022-01-01T07:04:02Z,12106.2754478424,301.875414219589,9,155.285706903081,3689.81269364292,1229.03418799131,4918.84688163424
248750710,2022-01-01T07:04:32Z,13773.0747314226,311.848350475653,10,160.415818145912,4197.8283241154,1311.581789573,5509.4101136884
248750710,2022-01-01T07:05:02Z,15410.8707999853,321.246758904937,11,165.250390383198,4697.00420603025,1391.82933342504,6088.8335394553
248750710,2022-01-01T07:05:32Z,16989.5953560171,330.087512198245,12,169.798102982636,5178.17596952671,1469.49010073914,6647.66607026585
248750710,2022-01-01T07:06:02Z,18490.1301448131,338.417042236454,13,174.082840656612,5635.51665492628,1544.58896080915,7180.10561573543
248750710,2022-01-01T07:06:32Z,19903.0870366455,346.290255090279,14,178.132847268662,6066.16489992242,1617.29415270339,7683.45905262581
248750710,2022-01-01T07:07:02Z,21225.4348954727,353.751178827941,15,181.970771002027,6469.19685933334,1687.73504072743,8156.93190006077
248750710,2022-01-01T07:07:32Z,22457.2647363957,360.826842663579,16,185.610515773446,6844.64027320808,1755.92576787384,8600.56604108192
248750710,2022-01-01T07:08:02Z,23601.8639646449,367.548146495249,17,189.067976592206,7193.4970937656,1821.95207811779,9015.44917188339
248750710,2022-01-01T07:08:32Z,24664.4347620718,373.964101342597,18,192.368364888167,7517.35286865948,1886.11558663339,9403.46845529287
248750710,2022-01-01T07:09:02Z,25651.0821564239,380.136281217322,19,195.543354535659,7818.06831954401,1948.88906743418,9766.95738697819
248750710,2022-01-01T07:09:32Z,26568.6023971661,386.112908345175,20,198.617751206366,8097.71484217193,2010.65296097216,10108.3678031441
248750710,2022-01-01T07:10:02Z,27424.2501589746,391.915669011056,21,201.602710396634,8358.50355348204,2071.54193880067,10430.0454922827
248750710,2022-01-01T07:10:32Z,28226.083376438,397.520174812748,22,204.485686632072,8602.89039208718,2131.21284594241,10734.1032380296
248750710,2022-01-01T07:11:02Z,28985.8437908421,402.774336158576,23,207.188444526017,8834.45406609025,2187.92311646841,11022.3771825587
248750710,2022-01-01T07:11:32Z,29721.0447996791,407.341706972969,24,209.537915109552,9058.53239856115,2237.8255794321,11296.3579779932
248750710,2022-01-01T07:12:02Z,30450.9808782178,410.803016771609,25,211.318424265231,9281.00605858513,2276.01816686749,11557.0242254526
248750710,2022-01-01T07:12:32Z,31190.4078397423,412.82197770674,26,212.356984417047,9506.3723985804,2298.4448945312,11804.8172931116
248750710,2022-01-01T07:13:02Z,31945.8543499469,413.246570309529,27,212.575396249758,9736.62125874639,2303.17528495115,12039.7965436975
248750710,2022-01-01T07:13:32Z,32715.1624217794,412.124278076606,28,211.998085430353,9971.09491672644,2290.68237645949,12261.7772931859
248750710,2022-01-01T07:14:02Z,33488.7394177553,409.672412929183,29,210.736837926535,10206.8696792915,2263.50738324539,12470.3770625369
248750710,2022-01-01T07:14:32Z,34250.9733766508,406.244981345517,30,208.973755836171,10439.1872528652,2225.79157126787,12664.9788241331
248750710,2022-01-01T07:15:02Z,34982.0172019601,402.298391749422,31,206.943617155052,10661.9985376288,2182.75538640249,12844.7539240313
248750771,2022-01-01T08:19:23Z,3381.70740995955,220.58031446275,1,113.467239949975,1030.69412068258,656.208692245927,1686.90281292851
248750771,2022-01-01T08:19:53Z,4637.66452665914,235.936285736613,2,121.366402127887,1413.49116935664,750.754514040166,2164.24568339681
248750771,2022-01-01T08:20:23Z,5891.9276058364,250.702721912873,3,128.962305510737,1795.77190059019,847.669533264256,2643.44143385444
248750771,2022-01-01T08:20:53Z,7138.84519195204,264.741204215947,4,136.183747024664,2175.81383479184,945.260599066143,3121.07443385799
248750771,2022-01-01T08:21:23Z,8370.76686633772,277.998424831334,5,143.00330495439,2551.28523814012,1042.30098001418,3593.5862181543
248750771,2022-01-01T08:21:53Z,9580.90160238185,290.432090426868,6,149.399223470611,2920.11630673022,1137.62120150976,4057.73750823998
248750771,2022-01-01T08:22:23Z,10765.7371625423,301.944705965253,7,155.321350805171,3281.23656279861,1229.59847176061,4510.83503455922
248750771,2022-01-01T08:22:53Z,11925.7158307189,312.385085451886,8,160.691916384715,3634.78080789971,1316.10050924527,4950.88131714498
248750771,2022-01-01T08:23:23Z,13062.8127112634,321.639683773347,9,165.452512229088,3981.3510244631,1395.23617751868,5376.58720198178
248750771,2022-01-01T08:23:53Z,14177.4997148106,329.697790502143,10,169.597628859127,4321.09104383132,1466.02220767779,5787.11325150911
248750771,2022-01-01T08:24:23Z,15268.8743944304,336.647944489939,11,173.172810951615,4653.72581360267,1528.4822860797,6182.20809968238
248750771,2022-01-01T08:24:53Z,16335.3332095023,342.680864370686,12,176.276164799736,4978.76659844629,1583.7556715853,6562.52227003159
248750771,2022-01-01T08:25:23Z,17375.1730385621,348.077344666078,13,179.052132029876,5295.6943122713,1634.0298666893,6929.7241789606
248750771,2022-01-01T08:25:53Z,18386.717269596,353.113583845048,14,181.642790043749,5603.99794867297,1681.65663480517,7285.65458347814
248750771,2022-01-01T08:26:23Z,19368.417517113,357.989000835798,15,184.150720594546,5903.20558278361,1728.41426582521,7631.61984860882
248750771,2022-01-01T08:26:53Z,20318.8852688118,362.834900143588,16,186.643467152051,6192.89401670582,1775.52415038424,7968.41816709006
248750771,2022-01-01T08:27:23Z,21237.0414162728,367.72487191575,17,189.158884730324,6472.73435424346,1823.70457045973,8296.4389247032
248750771,2022-01-01T08:27:53Z,22122.3531569125,372.683649959629,18,191.709696481291,6742.56420509372,1873.2215965825,8615.78580167622
248750771,2022-01-01T08:28:23Z,22975.068301007,377.696911822191,19,194.288534887958,7002.45909814295,1923.95692094339,8926.41601908634
248750771,2022-01-01T08:28:53Z,23796.3509293926,382.721574635811,20,196.873237981384,7252.77382791607,1975.48786102318,9228.26168893925
248750771,2022-01-01T08:29:23Z,24588.2398882732,387.696159778911,21,199.43218095623,7494.12980441122,2027.17608567576,9521.30589008698
248750771,2022-01-01T08:29:53Z,25353.2149558799,392.552939162812,22,201.930524260706,7727.28282715023,2078.28423181465,9805.56705896488
248750771,2022-01-01T08:30:23Z,26093.8039774702,397.223406645489,23,204.333028109819,7953.00334576964,2128.03192540919,10081.0352711788
248750771,2022-01-01T08:30:53Z,26812.4094993498,401.635948048198,24,206.602853934258,8172.02362064913,2175.57284677781,10347.5964674269
248750771,2022-01-01T08:31:23Z,27511.2086514216,405.716636450122,25,208.701973482573,8385.00720860153,2220.00579691746,10605.013005519
248750771,2022-01-01T08:31:53Z,28192.1567366525,409.391427951421,26,210.59229832892,8592.5500568889,2260.40347173583,10852.9535286247
248750771,2022-01-01T08:32:23Z,28857.1487631845,412.586140530962,27,212.235668997408,8795.22973580753,2295.81953082454,11091.0492666321
248750771,2022-01-01T08:32:53Z,29508.039408396,415.225367628199,28,213.593296105041,8993.61152343677,2325.28522635146,11318.8967497882
248750771,2022-01-01T08:33:23Z,30146.3768099285,417.236432316201,29,214.627794401338,9188.16726910348,2347.86392097772,11536.0311900812
248750771,2022-01-01T08:33:53Z,30772.876536731,418.559901472762,30,215.308591292573,9379.1150675803,2362.78233865404,11741.8974062343
248750771,2022-01-01T08:34:23Z,31386.7865729058,419.162395013863,31,215.618515953633,9566.22571560677,2369.58942008396,11935.8151356907
248750784,2022-01-01T08:27:00Z,256.85273109663,203.759584437609,1,104.814601048153,78.2848921355167,559.943964978769,638.228857114286
248750784,2022-01-01T08:27:30Z,2282.07329606061,222.843155759411,2,114.63125296266,695.541998189762,669.741292344002,1365.28329053376
248750784,2022-01-01T08:28:00Z,4310.15669097235,241.620576562876,3,124.290420042632,1313.67165223174,787.365367705087,2101.03701993683
248750784,2022-01-01T08:28:30Z,6343.60789474871,259.491317783624,4,133.4831881603,1933.43733457748,908.142789064124,2841.5801236416
248750784,2022-01-01T08:29:00Z,8380.07215483778,275.894430102583,5,141.921003139189,2554.12135167259,1026.58364587328,3580.70499754587
248750784,2022-01-01T08:29:30Z,10411.8210060147,290.580633855449,6,149.475634699305,3173.36818226599,1138.78518699083,4312.15336925682
248750784,2022-01-01T08:30:00Z,12427.400167444,303.606194912837,7,156.176026189731,3787.68673192442,1243.16774497531,5030.85447689973
248750784,2022-01-01T08:30:30Z,14413.2409470785,315.211480790158,8,162.145823451727,4392.94146512601,1340.0238564138,5732.96532153981
248750784,2022-01-01T08:31:00Z,16354.8045944563,325.655541249306,9,167.518282535651,4984.70118697237,1430.29434167657,6414.99552864894
248750784,2022-01-01T08:31:30Z,18237.276738638,335.199857504152,10,172.427910238762,5558.45069754283,1515.36107183009,7073.81176937292
248750784,2022-01-01T08:32:00Z,20047.1664389406,344.074722073308,11,176.993169790796,6110.07815877496,1596.66575701292,7706.74391578789
248750784,2022-01-01T08:32:30Z,21774.2365256322,352.427047658614,12,181.289633569246,6636.46343359715,1675.12391639508,8311.58734999223
248750784,2022-01-01T08:33:00Z,23411.5401427112,360.341347771504,13,185.360775602626,7135.48922362426,1751.20372742136,8886.69295104562
248750784,2022-01-01T08:33:30Z,24955.7307122329,367.84801952141,14,189.2222322641,7606.13554167416,1824.92625805346,9431.06179972762
248750784,2022-01-01T08:34:00Z,26406.3271704613,374.953538914285,15,192.877334832451,8048.2557666752,1896.10939307184,9944.36515974704
248750784,2022-01-01T08:34:30Z,27765.1010301986,381.657324285848,16,196.325784097659,8462.38982938085,1964.5164883568,10426.9063177376
248750784,2022-01-01T08:35:00Z,29035.9340971063,387.941863801902,17,199.558571914559,8849.7208464207,2029.74636210898,10879.4672085297
248750784,2022-01-01T08:35:30Z,30223.9364425082,393.776113684605,18,202.559729261628,9211.80629152947,2091.25606108787,11303.0623526173
248750784,2022-01-01T08:36:00Z,31334.5866467451,399.114815051282,19,205.305974820618,9550.31595450933,2148.34573379431,11698.6616883036
248750784,2022-01-01T08:36:30Z,32373.1566165218,403.895002896261,20,207.764919185319,9866.85663411209,2200.11527237932,12066.9719064914
248750784,2022-01-01T08:37:00Z,33344.1000270604,408.048031799005,21,209.901250925414,10162.7857443037,2245.59302446757,12408.3787687713
248750784,2022-01-01T08:37:30Z,34249.9883223117,411.529142014181,22,211.691945480546,10438.8870229539,2284.0713446146,12722.9583675685
248750784,2022-01-01T08:38:00Z,35091.1721701766,414.325114886633,23,213.130203130984,10695.2673484232,2315.21322561949,13010.4805740427
248750784,2022-01-01T08:38:30Z,35865.4505468115,416.458735604691,24,214.227744652619,10931.2558813811,2339.11960137348,13270.3754827546
248750784,2022-01-01T08:39:00Z,36567.4417158578,418.007342342742,25,215.024353056966,11145.2123486309,2356.54803300544,13501.7603816363
248750784,2022-01-01T08:39:30Z,37189.6585238618,419.083624476658,26,215.577996129968,11334.85477716,2368.69889986812,13703.5536770281
248750784,2022-01-01T08:40:00Z,37724.502529229,419.807724122278,27,215.950475371542,11497.867274986,2376.89132585092,13874.7586008369
248750784,2022-01-01T08:40:30Z,38166.7072552989,420.287909462318,28,216.197484291316,11632.6446983538,2382.33191711997,14014.9766154738
248750784,2022-01-01T08:41:00Z,38515.8399906301,420.609657746029,29,216.36299266771,11739.0551632521,2385.98086626543,14125.0360295175
248750792,2022-01-01T08:32:50Z,5281.24905343816,244.811340706516,1,125.931759622694,1609.64616075531,808.298067363297,2417.9442281186
248750792,2022-01-01T08:33:20Z,6408.19343180696,258.474866216019,2,132.960322127582,1953.12204565893,901.042164132027,2854.16420979096
248750792,2022-01-01T08:33:50Z,7527.14701861694,271.414759877803,3,139.616646027677,2294.16245614658,993.517219572759,3287.67967571934
248750792,2022-01-01T08:34:20Z,8630.77139175547,283.739596577874,4,145.956582601787,2630.53075030645,1085.79633051949,3716.32708082594
248750792,2022-01-01T08:34:50Z,9714.39859047432,295.549610488271,5,152.031692638,2960.80420313146,1178.06501357672,4138.86921670817
248750792,2022-01-01T08:35:20Z,10778.1327474218,306.884443420353,6,157.862368014585,3285.014552704,1270.15939017188,4555.17394287588
248750792,2022-01-01T08:35:50Z,11827.3118517134,317.69692335423,7,163.424343289213,3604.7887387118,1361.23934656017,4966.02808527197
248750792,2022-01-01T08:36:20Z,12869.6166086618,327.89527307524,8,168.670407960514,3922.46772589508,1450.03601027352,5372.5037361686
248750792,2022-01-01T08:36:50Z,13911.0456180924,337.39078214855,9,173.55492908876,4239.87979826039,1535.23513817556,5775.11493643596
248750792,2022-01-01T08:37:20Z,14952.6867112359,346.169331993944,10,178.070644029807,4557.35651058698,1616.1648453206,6173.52135590757
248750792,2022-01-01T08:37:50Z,15990.7914053728,354.303427208648,11,182.254849387165,4873.75538109504,1693.00867100602,6566.76405210106
248750792,2022-01-01T08:38:20Z,17019.1094327689,361.902422764378,12,186.163797718301,5187.1714211426,1766.4097645719,6953.5811857145
248750792,2022-01-01T08:38:50Z,18031.1149155673,369.069085874382,13,189.85035281604,5495.61564022167,1837.06200124235,7332.67764146401
248750792,2022-01-01T08:39:20Z,19020.9478271966,375.885350786733,14,193.356661927332,5797.30198939245,1905.54529621205,7702.8472856045
248750792,2022-01-01T08:39:50Z,19983.9189833928,382.403983448689,15,196.709868029161,6090.80127503591,1972.21061060397,8063.01188563988
248750792,2022-01-01T08:40:20Z,20916.8944250678,388.643131862988,16,199.919306513883,6375.15831303498,2037.09118842975,8412.24950146473
248750792,2022-01-01T08:40:50Z,21818.3798469978,394.589248037755,17,202.978008249874,6649.91766138304,2099.90172441824,8749.81938580128
248750792,2022-01-01T08:41:20Z,22688.4448534446,400.204174622589,18,205.866344970468,6915.10053442383,2160.08929620284,9075.18983062667
248750792,2022-01-01T08:41:50Z,23528.6145441062,405.433064282934,19,208.556103026201,7171.17175986167,2216.90357336775,9388.07533322943
248750792,2022-01-01T08:42:20Z,24341.5432247095,410.214656127796,20,211.015769613064,7418.94033060334,2269.50331424024,9688.44364484358
248750792,2022-01-01T08:42:50Z,25130.4953901373,414.49286945045,21,213.21649663089,7659.40121613451,2317.08840140419,9976.4896175387
248750792,2022-01-01T08:43:20Z,25898.9336101052,418.221251563069,22,215.13438866413,7893.60975620396,2358.96050896478,10252.5702651687
248750792,2022-01-01T08:43:50Z,26650.4574191183,421.357066961584,23,216.747462428798,8122.66303539112,2394.46801576571,10517.1310511568
248750792,2022-01-01T08:44:20Z,27388.998762359,423.849443791781,24,218.029549275608,8347.75945210577,2422.87891729483,10770.6383694006
248750792,2022-01-01T08:44:50Z,28118.4804500489,425.63901473362,25,218.950110459681,8570.09462055741,2443.38179767108,11013.4764182285
248750792,2022-01-01T08:45:20Z,28841.8295494584,426.671428696442,26,219.48118760105,8790.56066731436,2455.24932266908,11245.8099899834
248750792,2022-01-01T08:45:50Z,29559.7096419463,426.922002104424,27,219.610083387049,9009.35984210494,2458.13398191981,11467.4938240248
248750792,2022-01-01T08:46:20Z,30270.0162767527,426.403368082093,28,219.343296338525,9225.85073963814,2452.16522164373,11678.0159612819
248750792,2022-01-01T08:46:50Z,30968.6036520641,425.149287059265,29,218.69819293172,9438.76978118381,2437.76246644241,11876.5322476262
248750792,2022-01-01T08:47:20Z,31649.7867347093,423.209972194427,30,217.700602980672,9646.38425318784,2415.57352386076,12061.9577770486
248750792,2022-01-01T08:47:50Z,32307.0262443794,420.637988825963,31,216.377566268499,9846.70108027414,2386.30230297038,12233.0033832445
248750798,2022-01-01T08:40:29Z,373.728495466317,110.363197494778,1,56.7711921269434,113.906886762059,164.2695339202,278.176420682259
248750798,2022-01-01T08:40:59Z,1986.76893861523,136.177066337801,2,70.0499312437248,605.537622253956,250.101573254362,855.639195508317
248750798,2022-01-01T08:41:29Z,3600.58373435633,162.086688676125,3,83.3779262737266,1097.40436889861,354.326125877013,1451.73049477562
248750798,2022-01-01T08:41:59Z,5217.42946983603,187.846523116593,4,96.6288699159431,1590.19490089486,475.899006179014,2066.09390707387
248750798,2022-01-01T08:42:29Z,6835.61842023916,212.785500834513,5,109.457562157671,2083.39482482144,610.650250433258,2694.0450752547
248750798,2022-01-01T08:42:59Z,8444.59172587484,236.254523985141,6,121.530104930628,2573.78595729194,752.781162306293,3326.56711959823
248750798,2022-01-01T08:43:29Z,10026.9509871871,257.842356458563,7,132.63495702601,3056.06552489703,896.637707711083,3952.70323260811
248750798,2022-01-01T08:43:59Z,11565.3067071174,277.171393520679,8,142.577877325452,3524.93346757617,1036.1086188905,4561.04208646667
248750798,2022-01-01T08:44:29Z,13045.1917128608,293.840924455766,9,151.152738917575,3975.98040623614,1164.48269532541,5140.46310156155
248750798,2022-01-01T08:44:59Z,14447.5886932831,307.739855675951,10,158.302394895037,4403.4101472975,1277.25016460266,5680.66031190015
248750798,2022-01-01T08:45:29Z,15743.7425415442,319.221492887696,11,164.208586876387,4798.45856188484,1374.33537227013,6172.79393415496
248750798,2022-01-01T08:45:59Z,16902.1887011658,328.771956608822,12,169.12137685639,5151.53572117214,1457.80020946999,6609.33593064212
248750798,2022-01-01T08:46:29Z,17894.8247430727,336.84264252572,13,173.272964262201,5454.07642275913,1530.25077187615,6984.32719463528
248750798,2022-01-01T08:46:59Z,18700.5025851549,343.846027190446,14,176.875528390147,5699.63504576499,1594.54396245126,7294.17900821624
248750798,2022-01-01T08:47:29Z,19313.8254054993,350.072970689097,15,180.078688626079,5886.56671914031,1652.82029038166,7539.38700952197
248750798,2022-01-01T08:47:59Z,19748.8851976933,355.712871956217,16,182.979872405462,6019.16647293304,1706.50528570433,7725.67175863738
248750798,2022-01-01T08:48:29Z,20033.0252344265,360.852879778811,17,185.62390935124,6105.76812996846,1756.17919076644,7861.9473207349
248750798,2022-01-01T08:48:59Z,20198.8808216096,365.431816287236,18,187.979329365862,6156.31844608643,1801.03100248926,7957.34944857568
248750798,2022-01-01T08:49:29Z,20278.8327755066,369.302141403925,19,189.970237347698,6180.68661246773,1839.38282762185,8020.06944008958
248750798,2022-01-01T08:49:59Z,20301.7212348984,372.359807906229,20,191.543111062875,6187.66267445851,1869.96755329485,8057.63022775336
248750798,2022-01-01T08:50:29Z,20291.2074087463,374.544052095614,21,192.666693464822,6184.45821662489,1891.97017179754,8076.42838842243
248750798,2022-01-01T08:50:59Z,20265.2690175897,375.79654441777,22,193.31097963877,6176.5525807954,1904.64499739557,8081.19757819097
248750798,2022-01-01T08:51:29Z,20236.3468024301,376.041534119508,23,193.437003147895,6167.73751978974,1907.12916344744,8074.86668323718
248750798,2022-01-01T08:51:59Z,20211.8378656042,375.167642321151,24,192.98747032981,6160.26756037921,1898.27541816001,8058.54297853922
248750798,2022-01-01T08:52:29Z,20194.559299155,373.063213879001,25,191.904945411009,6155.00131031851,1877.03914746189,8032.0404577804
248750798,2022-01-01T08:52:59Z,20183.1907769964,369.643971602274,26,190.146075927095,6151.53635385442,1842.78951021777,7994.3258640722
248750798,2022-01-01T08:53:29Z,20172.669732845,364.854503135289,27,187.682357579881,6148.32969608199,1795.34492083295,7943.67461691494
248750798,2022-01-01T08:53:59Z,20154.4209670402,358.732594696591,28,184.533227724584,6142.76774368796,1735.60204558884,7878.36978927681
248750798,2022-01-01T08:54:29Z,20116.5831084586,351.478659366502,29,180.801779509518,6131.23532717422,1666.12046247748,7797.35578965171
248750798,2022-01-01T08:54:59Z,20044.3934320562,343.43745030459,30,176.665355094954,6109.23298752093,1590.75676303905,7699.98975055998
248750798,2022-01-01T08:55:29Z,19920.9641126295,334.847669580793,31,172.246743611519,6071.61356678742,1512.17842430032,7583.79199108775
248750808,2022-01-01T08:37:34Z,333.294545340927,138.085086421004,1,71.0314230560718,101.583220158771,257.15917743989,358.742397598661
248750808,2022-01-01T08:38:04Z,1798.33819405825,160.452329526192,2,82.537206546395,548.106733940338,347.216639372185,895.323373312523
248750808,2022-01-01T08:38:34Z,3272.66900237004,182.518041214416,3,93.887881283136,997.460835833599,449.283091327025,1446.74392716062
248750808,2022-01-01T08:39:04Z,4763.70642696674,203.799295880725,4,104.835028745229,1451.90686588441,560.1622452606,2012.06911114501
248750808,2022-01-01T08:39:34Z,6273.85656972406,223.831427016859,5,115.139622951059,1912.17816815729,675.694840637721,2587.87300879501
248750808,2022-01-01T08:40:04Z,7797.4707689758,242.359377620011,6,124.670461738689,2376.55311459183,792.187769120179,3168.74088371201
248750808,2022-01-01T08:40:34Z,9323.74127157516,259.273870914615,7,133.371332775008,2841.73766277816,906.621427430267,3748.35909020843
248750808,2022-01-01T08:41:04Z,10841.5840008777,274.561985801826,8,141.235589404232,3304.35355101424,1016.69172856069,4321.04527957493
248750808,2022-01-01T08:41:34Z,12343.1382017643,288.217308882259,9,148.259932552603,3762.00493805679,1120.33677882275,4882.34171687954
248750808,2022-01-01T08:42:04Z,13822.0183279106,300.253323470842,10,154.451298081709,4212.74560436167,1215.86154327854,5428.6071476402
248750808,2022-01-01T08:42:34Z,15270.5619572766,310.796089288512,11,159.874531527012,4654.2401576582,1302.74545519784,5956.98561285604
248750808,2022-01-01T08:43:04Z,16679.8077987176,320.082982113121,12,164.651739770124,5083.75732969144,1381.76327264672,6465.52060233816
248750808,2022-01-01T08:43:34Z,18041.1263059343,328.406539909559,13,168.933405303271,5498.66696310098,1454.56143870333,6953.22840180431
248750808,2022-01-01T08:44:04Z,19347.9055358766,336.049285485081,14,172.864858788622,5896.953835988,1523.05093802295,7420.00477401095
248750808,2022-01-01T08:44:34Z,20595.7033922946,343.260555852071,15,176.574360006209,6277.26406348511,1589.11848173305,7866.38254521816
248750808,2022-01-01T08:45:04Z,21782.6583265372,350.224645568848,16,180.156710683564,6639.03027325119,1654.25282386959,8293.28309712078
248750808,2022-01-01T08:45:34Z,22909.8362152098,357.035646994205,17,183.660312239817,6982.57732862232,1719.22070805439,8701.79803667671
248750808,2022-01-01T08:46:04Z,23981.4005824765,363.693633280292,18,187.085202304677,7309.17420983741,1783.93847713465,9093.11268697206
248750808,2022-01-01T08:46:34Z,25004.1725751271,370.124597945183,19,190.393311700197,7620.89990098356,1847.58476759269,9468.48466857624
248750808,2022-01-01T08:47:04Z,25986.8298226871,376.204398639825,20,193.520781193326,7920.39921447336,1908.78148591616,9829.18070038953
248750808,2022-01-01T08:47:34Z,26939.0763019794,381.774280888393,21,196.38594695905,8210.62977811014,1965.72070147822,10176.3504795884
248750808,2022-01-01T08:48:04Z,27866.8109538233,386.658883499863,22,198.898602623386,8493.38950131767,2016.34322760121,10509.7327289189
248750808,2022-01-01T08:48:34Z,28771.3365658404,390.687088258619,23,200.97072441287,8769.07545438597,2058.57451942067,10827.6499738066
248750808,2022-01-01T08:49:04Z,29653.0077215809,393.705718484134,24,202.523517738752,9037.79570910725,2090.50842187965,11128.3041309869
248750808,2022-01-01T08:49:34Z,30510.6712760657,395.597590806304,25,203.496703089662,9299.1988040432,2110.64771500317,11409.8465190464
248750808,2022-01-01T08:50:04Z,31340.7076877483,396.305929693429,26,203.86107494518,9552.18155676572,2118.21293974537,11670.3944965111
248750808,2022-01-01T08:50:34Z,32136.034706733,395.859310694037,27,203.631332661542,9794.58540284455,2113.44136806909,11908.0267709136
248750808,2022-01-01T08:51:04Z,32885.9956680867,394.376145196632,28,202.868387446827,10023.1623493102,2097.63418069705,12120.7965300072
248750808,2022-01-01T08:51:34Z,33577.4818355525,392.040083980532,29,201.666709866529,10233.9170483244,2072.85738371002,12306.7744320345
248750808,2022-01-01T08:52:04Z,34196.5936214567,389.080976949199,30,200.144535467695,10422.6131123001,2041.68374503462,12464.2968573347
248750808,2022-01-01T08:52:34Z,34731.2268761367,385.744879750918,31,198.428436085863,10585.5613764513,2006.82182708876,12592.3832035401
248750834,2022-01-01T09:11:56Z,2781.68214473339,202.173781321964,1,103.998858704714,847.815344325933,551.262110697406,1399.07745502334
248750834,2022-01-01T09:12:26Z,3846.15960340257,216.969470646343,2,111.609810003263,1172.25224120773,634.900595767813,1807.15283697554
248750834,2022-01-01T09:12:56Z,4998.28383692029,232.251481022932,3,119.470926452126,1523.40257144782,727.487373462245,2250.88994491006
248750834,2022-01-01T09:13:26Z,6253.88719102604,248.130301362981,4,127.639043910999,1906.09179854497,830.363176886535,2736.4549754315
248750834,2022-01-01T09:13:56Z,7604.10171499682,264.423290233299,5,136.020211025359,2317.6171030164,942.991733301901,3260.60883631831
248750834,2022-01-01T09:14:26Z,9011.98223542309,280.549318744965,6,144.315493181566,2746.71814551146,1061.51689970636,3808.23504521781
248750834,2022-01-01T09:14:56Z,10441.5212632689,295.769079937076,7,152.144588444998,3182.42037892987,1179.8152799744,4362.23565890427
248750834,2022-01-01T09:15:26Z,11869.079962951,309.419922953985,8,159.166627033943,3617.51903777844,1291.2342080205,4908.75324579894
248750834,2022-01-01T09:15:56Z,13276.7496849804,321.03043927425,9,165.139114853009,4046.55583205742,1389.95551755532,5436.51134961274
248750834,2022-01-01T09:16:26Z,14649.8757079249,330.321317060838,10,169.918372973682,4465.06422064154,1471.57255219283,5936.63677283437
248750834,2022-01-01T09:16:56Z,15977.1271174979,337.174418852266,11,173.443631096844,4869.59070938674,1533.26672620073,6402.85743558747
248750834,2022-01-01T09:17:26Z,17250.7674719526,341.625674563605,12,175.733371689097,5257.77734591668,1574.01722350756,6831.79456942424
248750834,2022-01-01T09:17:56Z,18467.1816375219,343.877038353458,13,176.891480634495,5628.52229122886,1594.8315963845,7223.35388761336
248750834,2022-01-01T09:18:26Z,19627.7693968364,344.310747435686,14,177.114582014242,5982.25217824943,1598.85704190008,7581.10922014952
248750834,2022-01-01T09:18:56Z,20739.8834208833,343.526878501907,15,176.711357254068,6321.20799173524,1591.5853100191,7912.79330175434
248750834,2022-01-01T09:19:26Z,21817.0181661302,342.422553654778,16,176.143288917067,6649.50264130758,1581.36892102555,8230.87156233313
248750834,2022-01-01T09:19:56Z,22876.211941281,342.26922678811,17,176.064417072073,6972.32915003992,1579.95305601064,8552.28220605056
248750834,2022-01-01T09:20:26Z,23929.1956960839,344.738257445675,18,177.33449457082,7293.26293693505,1602.82991665078,8896.09285358583
248750834,2022-01-01T09:20:56Z,24975.1654057761,351.301552092545,19,180.710674944725,7612.05894720392,1664.44179607432,9276.50074327824
248750834,2022-01-01T09:21:26Z,26007.8393043649,361.140953889803,20,185.772095622327,7926.80259200393,1758.9842768558,9685.78686885973
248750834,2022-01-01T09:21:56Z,27021.6189866747,372.324502123025,21,191.524949651762,8235.7875607055,1869.61296325739,10105.4005239629
248750834,2022-01-01T09:22:26Z,28014.0007366879,383.353838448054,22,197.198476567929,8538.25075790548,1982.02034458268,10520.2711024882
248750834,2022-01-01T09:22:56Z,28984.8059381558,393.182511999181,23,202.254378600402,8834.13774402798,2084.95584419137,10919.0935882193
248750834,2022-01-01T09:23:26Z,29934.8775691351,401.148359678248,24,206.352036871527,9123.70544624661,2170.29373705545,11293.9991833021
248750834,2022-01-01T09:23:56Z,30864.6600418626,406.913574735688,25,209.317682477206,9407.08931480116,2233.12396522061,11640.2132800218
248750834,2022-01-01T09:24:26Z,31772.6129840139,410.416767259247,26,211.119736244469,9683.81986711792,2271.7402156949,11955.5600828128
248750834,2022-01-01T09:24:56Z,32655.0036114038,411.798493634947,27,211.830500841022,9952.75940609686,2287.06223682764,12239.8216429245
248750834,2022-01-01T09:25:26Z,33505.9235072274,411.340150618262,28,211.594727684291,10212.1071341748,2281.9739441279,12494.0810783027
248750834,2022-01-01T09:25:56Z,34315.2654903728,409.456289555445,29,210.625663351566,10458.782532878,2261.11977891372,12719.9023117918
248750834,2022-01-01T09:26:26Z,35068.7959989724,406.658319213178,30,209.186378196079,10688.4474242525,2230.32318158986,12918.7706058424
248750834,2022-01-01T09:26:56Z,35751.5894176215,403.470591371627,31,207.546600499808,10896.5527027191,2195.49395407885,13092.046656798
248750835,2022-01-01T09:17:21Z,5672.16886684517,245.628223189815,1,126.351966661427,1728.79270553038,813.701298634578,2542.49400416496
248750835,2022-01-01T09:17:51Z,6286.0403408554,251.967640432784,2,129.61298376172,1915.89160038263,856.244931682772,2772.1365320654
248750835,2022-01-01T09:18:21Z,6896.91241394328,257.852181571813,3,132.640011096612,2102.07632244538,896.706041983145,2998.78236442852
248750835,2022-01-01T09:18:51Z,7538.71170303,263.7776214323,4,135.688076868467,2297.68719994818,938.392161277419,3236.0793612256
248750835,2022-01-01T09:19:21Z,8253.82161464691,270.279235250013,5,139.032528420789,2515.64206481162,985.221404642071,3500.86346945369
248750835,2022-01-01T09:19:51Z,9086.2060238751,277.867920764732,6,142.936173232887,2769.34045226306,1041.32261052303,3810.66306278609
248750835,2022-01-01T09:20:21Z,10073.7509226696,286.960263041866,7,147.613304033882,3070.32944915257,1110.5855009072,4180.91495005977
248750835,2022-01-01T09:20:51Z,11239.3796331273,297.797290600533,8,153.187906687517,3425.59574310494,1196.05172045379,4621.64746355873
248750835,2022-01-01T09:21:21Z,12580.549186456,310.347586805289,9,159.643820373091,3834.36427505518,1298.98824583669,5133.35252089187
248750835,2022-01-01T09:21:51Z,14056.9496766848,324.192135582612,10,166.765501842907,4284.34918521328,1417.46853236069,5701.81771757397
248750835,2022-01-01T09:22:21Z,15589.5221387376,338.490444005396,11,174.120598768208,4751.45447690873,1545.25906806317,6296.7135449719
248750835,2022-01-01T09:22:51Z,17104.7611782384,352.440089193726,12,181.296342177842,5213.27679921928,1675.24789434584,6888.52469356511
248750835,2022-01-01T09:23:21Z,18554.7456371216,365.520766505702,13,188.025085651081,5655.21049592245,1801.9078916461,7457.11838756855
248750835,2022-01-01T09:23:51Z,19912.9985888021,377.422486138496,14,194.147369412807,6069.18579360015,1921.16213302308,7990.34792662323
248750835,2022-01-01T09:24:21Z,21169.3208166064,387.986691975529,15,199.581631674655,6452.09412270846,2030.21547920069,8482.30960190915
248750835,2022-01-01T09:24:51Z,22324.694358165,397.169526821589,16,204.305312151023,6804.23479371075,2127.45466733573,8931.68946104647
248750835,2022-01-01T09:25:21Z,23387.1154904277,405.006206319134,17,208.336525884328,7128.04495288867,2212.23792138386,9340.28287427253
248750835,2022-01-01T09:25:51Z,24368.8038936005,411.567545379598,18,211.711700298147,7427.24897701934,2284.49765765201,9711.74663467135
248750835,2022-01-01T09:26:21Z,25284.1749968357,416.92565067709,19,214.46792730303,7706.24047450036,2344.3675760274,10050.6080505278
248750835,2022-01-01T09:26:51Z,26147.9084319784,421.140715041975,20,216.636170289082,7969.49357878036,2392.00969814067,10361.503276921
248750835,2022-01-01T09:27:21Z,26973.2435281371,424.263833464923,21,218.242712687717,8221.0434404563,2427.61884002516,10648.6622804815
248750835,2022-01-01T09:27:51Z,27771.4609343922,426.331852190304,22,219.306508328345,8464.32823358494,2451.34274185375,10915.6709754387
248750835,2022-01-01T09:28:21Z,28551.780612613,427.359735681591,23,219.835254980242,8702.15806541084,2463.17733599532,11165.3354014062
248750835,2022-01-01T09:28:51Z,29320.7355428018,427.354327686814,24,219.832473089925,8936.52409107034,2463.11499616883,11399.6390872392
248750835,2022-01-01T09:29:21Z,30080.8944876025,426.352258865495,25,219.317005589246,9168.20923121076,2451.57741797316,11619.7866491839
248750835,2022-01-01T09:29:51Z,30829.5067647024,424.460252910603,26,218.343751497224,9396.3751187755,2429.86716706837,11826.2422858439
248750835,2022-01-01T09:30:21Z,31558.8373421757,421.857834559288,27,217.005058929675,9618.66423108069,2400.16287467236,12018.827105753
248750835,2022-01-01T09:30:51Z,32258.3563879555,418.752942626246,28,215.407892297452,9831.86723192792,2364.96228664783,12196.8295185758
248750835,2022-01-01T09:31:21Z,32917.5431215294,415.321736164638,29,213.642868397448,10032.777543898,2326.36468996377,12359.1422338618
248750835,2022-01-01T09:31:51Z,33527.5680408456,411.682629949253,30,211.770900179657,10218.7040660913,2285.77544153426,12504.4795076256
248750835,2022-01-01T09:32:21Z,34081.061824814,407.92290125031,31,209.836883359213,10387.4007390472,2244.21598460285,12631.6167236501
248750853,2022-01-01T09:25:30Z,3380.51546555763,188.059648855576,1,96.7385024977242,1030.33083375728,476.979503848226,1507.3103376055
248750853,2022-01-01T09:26:00Z,4455.09400320064,206.434054078408,2,106.190357036218,1357.84638927176,574.739649718628,1932.58603899039
248750853,2022-01-01T09:26:30Z,5560.60672536775,224.033117428703,3,115.243373162913,1694.79022412915,676.913101833151,2371.7033259623
248750853,2022-01-01T09:27:00Z,6714.48184093379,240.493441904174,4,123.710618263464,2046.4741971758,780.036547967812,2826.51074514361
248750853,2022-01-01T09:27:30Z,7928.07183005313,255.640158118291,5,131.502138949738,2416.35837551147,881.386980038546,3297.74535555002
248750853,2022-01-01T09:28:00Z,9201.3588406297,269.448349612136,6,138.605118113239,2804.43731808281,979.173229723999,3783.61054780681
248750853,2022-01-01T09:28:30Z,10524.4580243485,281.944146607286,7,145.03299722597,3207.69827014583,1072.09838350399,4279.79665364982
248750853,2022-01-01T09:29:00Z,11883.8492357741,293.09997270934,8,150.771590899867,3622.02049246393,1158.6173609825,4780.63785344643
248750853,2022-01-01T09:29:30Z,13266.2129595602,302.817575195563,9,155.770357610886,4043.34439486748,1236.71785475145,5280.06224961893
248750853,2022-01-01T09:30:00Z,14656.5180366595,311.100657038899,10,160.031202180504,4467.08870364508,1305.29998324859,5772.38868689367
248750853,2022-01-01T09:30:30Z,16037.6744090069,318.143135237418,11,163.653876150935,4888.04462328768,1365.06580933872,6253.1104326264
248750853,2022-01-01T09:31:00Z,17392.9317837724,324.26255393743,12,166.801725276456,5301.10691367643,1418.08438099909,6719.19129467553
248750853,2022-01-01T09:31:30Z,18707.46918437,329.787533004388,13,169.64379269773,5701.75836158792,1466.82040779157,7168.57876937949
248750853,2022-01-01T09:32:00Z,19969.6123850252,335.00289767982,14,172.326593456697,6086.44083664286,1513.58077535117,7600.02161199403
248750853,2022-01-01T09:32:30Z,21172.7472882596,340.089608751285,15,174.943214378233,6453.13846030466,1559.89440657433,8013.03286687899
248750853,2022-01-01T09:33:00Z,22315.1921383972,345.126087525553,16,177.533995640716,6801.33865845694,1606.43830826493,8407.77696672187
248750853,2022-01-01T09:33:30Z,23399.4892520841,350.112646107911,17,180.099097792135,7131.81629140022,1653.19495543023,8785.01124683045
248750853,2022-01-01T09:34:00Z,24431.8888048769,354.988386252507,18,182.607194574335,7446.47631968206,1699.56103518395,9146.03735486601
248750853,2022-01-01T09:34:30Z,25420.43207321,359.651704474165,19,185.006020820044,7747.7696047577,1744.50702037036,9492.27662512806
248750853,2022-01-01T09:35:00Z,26372.6069435837,363.993398787778,20,187.23940266861,8037.97834306116,1786.88042363394,9824.8587666951
248750853,2022-01-01T09:35:30Z,27294.3081111162,367.927565047594,21,189.263150744647,8318.89914998969,1825.71560804236,10144.614758032
248750853,2022-01-01T09:36:00Z,28189.7495416372,371.385743367307,22,191.042049057257,8591.81637965169,1860.19696778773,10452.0133474394
248750853,2022-01-01T09:36:30Z,29062.3342514412,374.273296440959,23,192.527415864691,8857.7672207989,1889.23577265727,10747.0029934562
248750853,2022-01-01T09:37:00Z,29914.4448064807,376.474553061277,24,193.659749517118,9117.47784409651,1911.52388292726,11029.0017270238
248750853,2022-01-01T09:37:30Z,30746.340571374,377.886620121514,25,194.386121461684,9371.02730002255,1925.89012318637,11296.9174232089
248750853,2022-01-01T09:38:00Z,31554.8033233754,378.459463596227,26,194.680794030981,9617.43472215038,1931.73351501189,11549.1682371623
248750853,2022-01-01T09:38:30Z,32332.0596066228,378.230607924603,27,194.563069920064,9854.33087675183,1929.39797027113,11783.728847023
248750853,2022-01-01T09:39:00Z,33065.9612734173,377.332935296978,28,194.101304165112,10078.013189094,1920.25057485206,11998.263763946
248750853,2022-01-01T09:39:30Z,33741.4465603524,375.977077571502,29,193.403846487398,10283.8910577118,1906.47542487875,12190.3664825906
248750853,2022-01-01T09:40:00Z,34342.5694102926,374.425328995721,30,192.605621911379,10467.1043615644,1890.77092721045,12357.8752887748
248750853,2022-01-01T09:40:30Z,34856.2049627365,372.915267352673,31,191.828841230799,10623.6528383836,1875.55067930434,12499.2035176879
248750874,2022-01-01T10:08:05Z,7038.05838614327,263.100073563886,1,135.339544014345,2145.09551543531,933.577582773226,3078.67309820854
248750874,2022-01-01T10:08:35Z,8043.83995070139,273.001732299599,2,140.432989866049,2451.64277680627,1005.16945171854,3456.81222852481
248750874,2022-01-01T10:09:05Z,9018.191349484,282.180247029903,3,145.15444806065,2748.61059112588,1073.8946886744,3822.50527980028
248750874,2022-01-01T10:09:35Z,9953.86229866862,290.74430091597,4,149.559825574058,3033.78917972223,1140.06837032328,4173.85755004551
248750874,2022-01-01T10:10:05Z,10848.8267793525,298.735286344397,5,153.670414786212,3306.56104216779,1203.59818453448,4510.15922670228
248750874,2022-01-01T10:10:35Z,11703.0840485737,306.038304925986,6,157.427111587441,3566.92595201882,1263.16490635906,4830.09085837788
248750874,2022-01-01T10:11:05Z,12515.8260145296,312.485820734204,7,160.743734945578,3814.63761491302,1316.94945587432,5131.58707078735
248750874,2022-01-01T10:11:35Z,13285.8570716588,318.008319233673,8,163.58452635477,4049.33162805816,1363.90913673366,5413.24076479183
248750874,2022-01-01T10:12:05Z,14016.0086874685,322.697161294162,9,165.996482147203,4271.87098063656,1404.42569241828,5676.29667305483
248750874,2022-01-01T10:12:35Z,14719.7510878573,326.795532130554,10,168.104697598022,4486.36119715247,1440.32565517443,5926.6868523269
248750874,2022-01-01T10:13:05Z,15425.1558115745,330.631281628841,11,170.077819767922,4701.35806509435,1474.33561554587,6175.69368064021
248750874,2022-01-01T10:13:35Z,16171.0323249651,334.560816176032,12,172.099185275737,4928.69013257088,1509.58866322999,6438.27879580087
248750874,2022-01-01T10:14:05Z,16999.7283802027,338.92837037341,13,174.345869533647,5181.2643645848,1549.26005216328,6730.52441674809
248750874,2022-01-01T10:14:35Z,17949.36281732,344.024876738336,14,176.967529186387,5470.69881661687,1596.20317973163,7066.9019963485
248750874,2022-01-01T10:15:05Z,19045.2172597043,350.042429324183,15,180.062978047419,5804.69895144903,1652.53190944472,7457.23086089375
248750874,2022-01-01T10:15:35Z,20289.8841501503,357.021288041653,16,183.652925947352,6184.05490708634,1719.08242655574,7903.13733364208
248750874,2022-01-01T10:16:05Z,21651.9822800648,364.787873398109,17,187.648083023719,6599.20215789845,1794.68924885201,8393.89140675046
248750874,2022-01-01T10:16:35Z,23064.017761242,372.945884627911,18,191.844590857979,7029.56957063151,1875.85866674136,8905.42823737286
248750874,2022-01-01T10:17:05Z,24460.1455422709,381.107525784385,19,196.04296593847,7455.0885529628,1958.86057563466,9413.94912859746
248750874,2022-01-01T10:17:35Z,25793.7202167963,389.012398615467,20,200.109258547051,7861.5422788163,2040.9640854358,9902.5063642521
248750874,2022-01-01T10:18:05Z,27032.7560741863,396.491113179053,21,203.956333939842,8239.18197933139,2120.19297421919,10359.3749535506
248750874,2022-01-01T10:18:35Z,28155.3133372425,403.414497607112,22,207.517745682671,8581.32073673957,2194.88352564819,10776.2042623878
248750874,2022-01-01T10:19:05Z,29145.2995503096,409.66177657532,23,210.73136655109,8883.05380990843,2263.38984956626,11146.4436594747
248750874,2022-01-01T10:19:35Z,30000.991938158,415.107892133236,24,213.532866323681,9143.85612257178,2323.96967382299,11467.8257963948
248750874,2022-01-01T10:20:05Z,30748.3402418162,419.621765049146,25,215.854817412112,9371.63676983121,2374.78604485303,11746.4228146842
248750874,2022-01-01T10:20:35Z,31414.0479060474,423.071077858319,26,217.629155276913,9574.5345644765,2413.98823784621,11988.5228023227
248750874,2022-01-01T10:21:05Z,32019.99725826,425.328772292913,27,218.790520726807,9759.21891443462,2439.82120081077,12199.0401152454
248750874,2022-01-01T10:21:35Z,32582.517097455,426.285524643679,28,219.282677285843,9930.66659477444,2450.81001822871,12381.4766130032
248750874,2022-01-01T10:22:05Z,33111.6905485445,425.876791918272,29,219.072423826271,10091.9507919977,2446.11248119865,12538.0632731964
248750874,2022-01-01T10:22:35Z,33611.2121684389,424.115888478542,30,218.166609299661,10244.1975520996,2425.92606591799,12670.1236180176
248750874,2022-01-01T10:23:05Z,34079.2336605576,421.117038216545,31,216.623990852132,10386.8435417731,2391.74074478617,12778.5842865593
248750932,2022-01-01T11:00:45Z,3477.62805762351,190.976540581519,1,98.2389612044853,1059.92930741344,491.890596255676,1551.81990366912
248750932,2022-01-01T11:01:15Z,4518.58410659494,205.12999501902,2,105.51954476287,1377.19722846539,567.501239906389,1944.69846837178
248750932,2022-01-01T11:01:45Z,5612.65910171362,219.349056132326,3,112.833876611279,1710.65501423762,648.903349191094,2359.55836342871
248750932,2022-01-01T11:02:15Z,6768.54342801984,233.600262599368,4,120.164744135477,2062.95136483384,735.961556225523,2798.91292105936
248750932,2022-01-01T11:02:45Z,7985.38723272096,247.756300677043,5,127.446656726874,2433.82725776317,827.861891481024,3261.68914924419
248750932,2022-01-01T11:03:15Z,9255.49801117977,261.625386265103,6,134.580960012913,2820.93813202675,923.141427013111,3744.07955903986
248750932,2022-01-01T11:03:45Z,10566.6078955975,275.011333598877,7,141.466735390369,3220.54492398584,1020.02228450605,4240.56720849189
248750932,2022-01-01T11:04:15Z,11905.4016218162,287.682773260925,8,147.9849656692,3628.58933916984,1116.18501855833,4744.77435772817
248750932,2022-01-01T11:04:45Z,13259.977604932,299.356906026539,9,153.990177997191,4041.44395151843,1208.61238122357,5250.056332742
248750932,2022-01-01T11:05:15Z,14616.3985925751,309.883609342714,10,159.405148838845,4454.86089380526,1295.10710888554,5749.9680026908
248750932,2022-01-01T11:05:45Z,15958.004248527,319.317468438463,11,164.25795701567,4863.76234334869,1375.16189821416,6238.92424156285
248750932,2022-01-01T11:06:15Z,17271.7318525337,327.846249466477,12,168.645190054772,5264.16697730378,1449.60245303824,6713.76943034203
248750932,2022-01-01T11:06:45Z,18547.4426050352,335.710946350311,13,172.690816023823,5652.98464036427,1519.98562380091,7172.97026416517
248750932,2022-01-01T11:07:15Z,19776.7607990071,343.152349691553,14,176.518698401005,6027.66254160532,1588.11676275152,7615.77930435685
248750932,2022-01-01T11:07:45Z,20953.8634971351,350.368619401881,15,180.230771297264,6386.42593634109,1655.61319686068,8042.03913320177
248750932,2022-01-01T11:08:15Z,22075.9841652655,357.483531794211,16,183.890705655458,6728.43162610957,1723.53678014589,8451.96840625546
248750932,2022-01-01T11:08:45Z,23143.9916751175,364.520254203139,17,187.510418828775,7053.94443008763,1792.05694033348,8846.0013704211
248750932,2022-01-01T11:09:15Z,24161.769409187,371.417262513302,18,191.058262609723,7364.14794550046,1860.51272739276,9224.66067289323
248750932,2022-01-01T11:09:45Z,25135.3415572096,378.04491988192,19,194.467551379589,7660.87825577862,1927.50400303634,9588.38225881495
248750932,2022-01-01T11:10:15Z,26071.7612350935,384.23250854942,20,197.650467360813,7946.28504574626,1991.11657736737,9937.40162311363
248750932,2022-01-01T11:10:45Z,26977.4824357041,389.809032368143,21,200.51904957209,8222.33539643526,2049.33176561133,10271.6671620466
248750932,2022-01-01T11:11:15Z,27857.5693544934,394.624176311766,22,202.995975469016,8490.57279929698,2100.2734993179,10590.8462986149
248750932,2022-01-01T11:11:45Z,28715.3236729606,398.559698428753,23,205.020421002445,8752.00355774477,2142.37375270233,10894.3773104471
248750932,2022-01-01T11:12:15Z,29552.2853123474,401.526553802255,24,206.546581173999,9007.09701686906,2174.38787944279,11181.4848963118
248750932,2022-01-01T11:12:45Z,30368.2677420063,403.464756624583,25,207.54359908672,9255.79632490285,2195.43045473339,11451.2267796362
248750932,2022-01-01T11:13:15Z,31160.9624772285,404.357486078791,26,208.002822056991,9497.39789004221,2205.15667602815,11702.5545660704
248750932,2022-01-01T11:13:45Z,31925.3852087785,404.243002169489,27,207.943931157144,9730.38256896633,2203.90818068742,11934.2907496538
248750932,2022-01-01T11:14:15Z,32653.096705258,403.230895935753,28,207.423300378474,9952.17820946601,2192.88611314468,12145.0643226107
248750932,2022-01-01T11:14:45Z,33332.5523745263,401.500882251454,29,206.533375643752,10159.2661915655,2174.10984988803,12333.3760414535
248750932,2022-01-01T11:15:15Z,33950.842622512,399.280176677889,30,205.391037385746,10347.7118630027,2150.12631184469,12497.8381748474
248750932,2022-01-01T11:15:45Z,34496.5533972101,396.799602293144,31,204.115021755733,10514.0363904938,2123.49348146499,12637.5298719588
248750944,2022-01-01T11:08:18Z,11834.3418095998,180.002820629255,1,92.5940435335674,3606.93136531539,436.985570738847,4043.91693605424
248750944,2022-01-01T11:08:48Z,14471.1246596891,192.291816173542,2,98.915543299147,4410.58355979552,498.689332628208,4909.27289242373
248750944,2022-01-01T11:09:18Z,17029.3598552922,204.545978123081,3,105.21912454891,5190.29559746791,564.274422570797,5754.57002003871
248750944,2022-01-01T11:09:48Z,19297.0369148758,216.844761590441,4,111.545659254342,5881.44983690209,634.170953031895,6515.62078993398
248750944,2022-01-01T11:10:18Z,20967.4451611531,229.427345666215,5,118.018181927065,6390.56542552669,709.902714850656,7100.46814037735
248750944,2022-01-01T11:10:48Z,21847.8047904123,242.57404791357,6,124.780888844429,6658.88594648348,793.591754373381,7452.47770085686
248750944,2022-01-01T11:11:18Z,21920.8615911333,256.461036234079,7,131.924401354979,6681.15257273188,887.056456313435,7568.20902904532
248750944,2022-01-01T11:11:48Z,21335.589469437,271.006557904113,8,139.406665588535,6502.77033509205,990.531009710179,7493.30134480223
248750944,2022-01-01T11:12:18Z,20391.1968237222,285.742671575728,9,146.986970975169,6214.93350311559,1101.18091928925,7316.11442240484
248750944,2022-01-01T11:12:48Z,19402.1098446999,299.995781932015,10,154.318817866263,5913.47450310877,1213.77663341696,7127.25113652573
248750944,2022-01-01T11:13:18Z,18580.2917658517,313.210394861045,11,161.116458261854,5662.99657599869,1323.06386966584,6986.06044566453
248750944,2022-01-01T11:13:48Z,18041.9264611287,325.100556914433,12,167.232796766684,5498.91083850311,1425.42346148863,6924.33429999174
248750944,2022-01-01T11:14:18Z,17831.134191022,335.620689545867,13,172.644387626475,5434.6644897964,1519.16842909891,6953.83291889531
248750944,2022-01-01T11:14:48Z,17943.2992458235,344.844461476078,14,177.389126273703,5468.85073021138,1603.81764118999,7072.66837140137
248750944,2022-01-01T11:15:18Z,18342.9202458618,352.89524757315,15,181.530477146682,5590.64926725443,1679.57768262498,7270.22694987941
248750944,2022-01-01T11:15:48Z,18976.5200996526,359.911155263676,16,185.139483160327,5783.76107883347,1747.02488404042,7530.7859628739
248750944,2022-01-01T11:16:18Z,19780.7495382914,366.043021575245,17,188.293735378213,6028.87825001262,1807.06069228748,7835.9389423001
248750944,2022-01-01T11:16:48Z,20686.9902714437,371.463710001353,18,191.08215535049,6305.08694649306,1860.97808834806,8166.06503484112
248750944,2022-01-01T11:17:18Z,21625.7923722142,376.368482135632,19,193.605186283761,6591.21986352154,1910.44689887716,8501.6667623987
248750944,2022-01-01T11:17:48Z,22543.5213428161,380.897863763879,20,195.935115104876,6870.93000390616,1956.7058782447,8827.63588215085
248750944,2022-01-01T11:18:18Z,23409.3136263133,385.082146695717,21,198.087524020431,7134.81061454232,1999.93206791767,9134.74268245999
248750944,2022-01-01T11:18:48Z,24227.6921005223,388.877239697927,22,200.039732354901,7384.24020131737,2039.54610196842,9423.78630328579
248750944,2022-01-01T11:19:18Z,25007.7555769735,392.22607717943,23,201.762385380365,7621.99194665452,2074.82467657365,9696.81662322817
248750958,2022-01-01T11:51:45Z,5842.55237815792,263.303068631916,1,135.443965345636,1780.72306557693,935.018743555036,2715.74180913197
248750958,2022-01-01T11:52:15Z,6774.8249579756,277.31202538514,2,142.650218819516,2064.86588173593,1037.16029201101,3102.02617374694
248750958,2022-01-01T11:52:45Z,7724.21131705802,290.002770663261,3,149.178379970813,2354.22472327279,1134.26040013845,3488.48512341124
248750958,2022-01-01T11:53:15Z,8685.45448700451,301.507635573677,4,155.09652035683,2647.19734440857,1226.04131635048,3873.23866075905
248750958,2022-01-01T11:53:45Z,9652.58355568724,312.035299532468,5,160.511985356208,2941.96389993515,1313.15481360813,4255.11871354328
248750958,2022-01-01T11:54:15Z,10618.9521304311,321.850035359763,6,165.560717777656,3236.49866822037,1397.06173654702,4633.5604047674
248750958,2022-01-01T11:54:45Z,11577.1726442084,331.247269820074,7,170.394686121437,3528.55002871333,1479.83430471066,5008.38433342399
248750958,2022-01-01T11:55:15Z,12519.108223347,340.538932200687,8,175.17434783986,3815.63798334259,1564.01896743732,5379.6569507799
248750958,2022-01-01T11:55:45Z,13436.7323975498,350.026377979162,9,180.054721182697,4095.31618334344,1652.38035780727,5747.69654115071
248750958,2022-01-01T11:56:15Z,14323.7958205959,359.965960357505,10,185.167675081021,4365.6799209375,1747.55697731451,6113.23689825201
248750958,2022-01-01T11:56:45Z,15177.5557565958,370.516322584157,11,190.594816144114,4625.89325101975,1851.49765244692,6477.39090346667
248750958,2022-01-01T11:57:15Z,16001.0199384945,381.596519159709,12,196.294505740591,4876.8728858563,1963.89057002767,6840.76345588397
248750958,2022-01-01T11:57:45Z,16803.369473532,392.838044582959,13,202.077183427448,5121.41709037854,2081.3041825673,7202.72127294585
248750958,2022-01-01T11:58:15Z,17596.7838838211,403.725873260993,14,207.677918344132,5363.2380017742,2198.27307684771,7561.51107862191
